node_id,echelon,type,SI,S,L,tau,sigma,mu,safety_stock,holding_cost_weekly,holding_cost_annual
DC_R1,1,dc,0,0,2,2,110865.56122791923,13976843.44605042,257915.5695747933,1289.5778478739664,67058.04808944625
WH_R1_A,2,warehouse,0,0,1,1,110865.56122791923,13976843.44605042,182373.84821992714,1823.7384821992714,94834.40107436212
S1_D2,3,store_dept,0,0,2,2,2687.5058236077025,46198.28277310925,6252.163318835923,125.04326637671846,6502.24985158936
S1_D8,3,store_dept,0,0,2,2,2260.7064598268653,35500.78058823529,5259.265255772015,105.1853051154403,5469.635866002895
S1_D13,3,store_dept,0,0,2,2,2427.368795951025,38630.1687394958,5646.985399629487,112.93970799258975,5872.864815614666
S1_D38,3,store_dept,0,0,2,2,12095.506150142315,78910.35327731092,28138.75944393594,562.7751888787188,29264.30982169338
S1_D40,3,store_dept,0,0,2,2,2847.958775925224,58206.31050420168,6625.438068258371,132.5087613651674,6890.455590988705
S1_D72,3,store_dept,0,0,2,2,10506.08336367062,46915.56781512605,24441.15597963518,488.8231195927036,25418.802218820587
S1_D90,3,store_dept,0,0,2,2,5328.219103383328,82560.94899159664,12395.46933824869,247.9093867649738,12891.288111778636
S1_D91,3,store_dept,0,0,2,2,4847.977787018709,64426.45840336134,11278.244915518422,225.56489831036845,11729.374712139159
S1_D92,3,store_dept,0,0,2,2,11936.469198600946,135323.5518487395,27768.77885225423,555.3755770450846,28879.530006344397
S1_D95,3,store_dept,0,0,2,2,9196.20452122592,121067.63117647059,21393.878322071505,427.87756644143013,22249.633454954368
S2_D2,3,store_dept,0,0,2,2,3840.362236938494,65859.36487394958,8934.14693204191,178.6829386408382,9291.512809323585
S2_D8,3,store_dept,0,0,2,2,2478.797712356602,58272.883697478996,5766.628669554309,115.33257339108619,5997.2938163364815
S2_D13,3,store_dept,0,0,2,2,1921.263612672083,45804.24596638655,4469.591760302727,89.39183520605455,4648.3754307148365
S2_D38,3,store_dept,0,0,2,2,9137.879582431622,84531.25714285714,21258.19227454751,425.1638454909502,22108.519965529413
S2_D40,3,store_dept,0,0,2,2,4243.1634822638525,77527.2725210084,9871.216220853335,197.4243244170667,10266.064869687469
S2_D72,3,store_dept,0,0,2,2,15533.19569956638,73277.11957983194,36136.136161655035,722.7227232331007,37581.58160812124
S2_D90,3,store_dept,0,0,2,2,5783.98371139426,97330.75739495797,13455.75160413208,269.1150320826416,13993.981668297365
S2_D91,3,store_dept,0,0,2,2,4684.823157482745,80270.69983193277,10898.685034709055,217.9737006941811,11334.632436097418
S2_D92,3,store_dept,0,0,2,2,12643.060529677414,164150.21495798317,29412.579718751844,588.2515943750369,30589.08290750192
S2_D95,3,store_dept,0,0,2,2,7856.114675472312,143430.09638655462,18276.318351050508,365.5263670210102,19007.371085092527
S4_D2,3,store_dept,0,0,2,2,6516.913830214251,94176.43588235293,15160.826534167021,303.2165306833404,15767.259595533702
S4_D8,3,store_dept,0,0,2,2,2938.4396086247298,62929.30285714286,6835.930986373125,136.7186197274625,7109.3682258280505
S4_D13,3,store_dept,0,0,2,2,4145.737741457823,69174.80848739496,9644.566798319176,192.89133596638354,10030.349470251944
S4_D38,3,store_dept,0,0,2,2,7320.795420051704,80515.73537815126,17030.961640301353,340.61923280602707,17712.20010591341
S4_D40,3,store_dept,0,0,2,2,4483.991679416903,78399.10924369747,10431.474437656172,208.62948875312344,10848.733415162418
S4_D72,3,store_dept,0,0,2,2,19082.815305201824,102107.86176470589,44393.90487018315,887.878097403663,46169.661064990476
S4_D90,3,store_dept,0,0,2,2,5817.819193394058,89231.1405882353,13534.465837074762,270.68931674149525,14075.844470557753
S4_D91,3,store_dept,0,0,2,2,4612.497818758089,66056.95722689075,10730.428718453093,214.60857436906187,11159.645867191217
S4_D92,3,store_dept,0,0,2,2,13492.286391315312,159117.44529411764,31388.202891323,627.76405782646,32643.73100697592
S4_D95,3,store_dept,0,0,2,2,9688.503280211742,147772.53957983194,22539.15295396339,450.7830590792678,23440.719072121923
S6_D2,3,store_dept,0,0,2,2,3586.8945691414247,50391.806806722685,8344.484486963222,166.88968973926444,8678.26386644175
S6_D8,3,store_dept,0,0,2,2,2530.522028205382,47703.40310924369,5886.9591512228135,117.73918302445627,6122.4375172717255
S6_D13,3,store_dept,0,0,2,2,2524.7293978912185,37671.083949579835,5873.483284323604,117.46966568647207,6108.422615696548
S6_D38,3,store_dept,0,0,2,2,7696.298980058395,77184.35899159664,17904.526104178338,358.0905220835668,18620.70714834547
S6_D40,3,store_dept,0,0,2,2,2955.2689963822295,65638.9712605042,6875.08255951266,137.5016511902532,7150.085861893166
S6_D72,3,store_dept,0,0,2,2,21500.927687356903,81294.72336134454,50019.356321759165,1000.3871264351833,52020.13057462953
S6_D90,3,store_dept,0,0,2,2,3919.550463125,53832.47294117647,9118.368941422465,182.3673788284493,9483.103699079364
S6_D91,3,store_dept,0,0,2,2,2726.773951549634,45307.94546218487,6343.515957762794,126.87031915525587,6597.256596073305
S6_D92,3,store_dept,0,0,2,2,7620.9352315091755,98912.983697479,17729.20128809408,354.58402576188155,18438.369339617842
S6_D95,3,store_dept,0,0,2,2,7168.341793486035,89168.65546218488,16676.296372801447,333.52592745602897,17343.348227713504
S8_D2,3,store_dept,0,0,2,2,2790.4659787746164,35768.36218487395,6491.687899501611,129.83375799003224,6751.355415481677
S8_D8,3,store_dept,0,0,2,2,1778.8884192019295,26220.213613445376,4138.372771191359,82.76745542382717,4303.907682039013
S8_D13,3,store_dept,0,0,2,2,1411.8992057509793,25131.97714285714,3284.6159240093957,65.69231848018792,3416.000560969772
S8_D38,3,store_dept,0,0,2,2,6316.497688576049,59029.41378151261,14694.582168016803,293.89164336033605,15282.365454737475
S8_D40,3,store_dept,0,0,2,2,2254.1744367353194,37691.67394957983,5244.069279334676,104.88138558669353,5453.832050508064
S8_D72,3,store_dept,0,0,2,2,8483.208041445372,36828.007647058825,19735.17663734028,394.7035327468056,20524.58370283389
S8_D90,3,store_dept,0,0,2,2,2261.1698334393636,39267.127983193284,5260.3432394837255,105.20686478967451,5470.756969063074
S8_D91,3,store_dept,0,0,2,2,2849.861096530606,31352.773781512606,6629.863591360558,132.59727182721116,6895.0581350149805
S8_D92,3,store_dept,0,0,2,2,4251.640989209139,60115.44462184874,9890.938134567125,197.8187626913425,10286.575659949809
S8_D95,3,store_dept,0,0,2,2,2885.046980398387,62931.179159663865,6711.719373970042,134.23438747940085,6980.188148928844
S11_D2,3,store_dept,0,0,2,2,4020.456299787686,57180.229663865546,9353.114393914919,187.06228787829838,9727.238969671516
S11_D8,3,store_dept,0,0,2,2,2397.649882067282,34358.46302521008,5577.847873813765,111.5569574762753,5800.961788766315
S11_D13,3,store_dept,0,0,2,2,2401.34995487507,40961.66747899159,5586.455654039826,111.72911308079652,5809.9138802014195
S11_D38,3,store_dept,0,0,2,2,8232.391367279997,73377.02613445377,19151.68141429957,383.0336282859914,19917.748670871555
S11_D40,3,store_dept,0,0,2,2,2255.8575455097753,53276.74226890756,5247.984832130442,104.95969664260883,5457.904225415659
S11_D72,3,store_dept,0,0,2,2,14861.46731250733,71198.12588235295,34573.43979653473,691.4687959306947,35956.377388396126
S11_D90,3,store_dept,0,0,2,2,2588.5863995226196,49091.65605042017,6022.039019438159,120.44078038876319,6262.920580215686
S11_D91,3,store_dept,0,0,2,2,3156.923478933408,41945.88966386555,7344.207778818364,146.88415557636728,7637.976089971098
S11_D92,3,store_dept,0,0,2,2,5409.53448697628,76951.72630252101,12584.639926863249,251.69279853726496,13088.025523937778
S11_D95,3,store_dept,0,0,2,2,5009.763516518584,77396.90983193277,11654.62021286843,233.09240425736863,12120.805021383168
S13_D2,3,store_dept,0,0,2,2,5718.794586722055,76393.49226890756,13304.09684287264,266.0819368574528,13836.260716587545
S13_D8,3,store_dept,0,0,2,2,2245.7332825586245,36092.64705882353,5224.431936022309,104.48863872044618,5433.409213463201
S13_D13,3,store_dept,0,0,2,2,2253.035850434372,47327.25521008403,5241.420493444212,104.82840986888425,5451.077313181981
S13_D38,3,store_dept,0,0,2,2,7804.037954170075,83250.1487394958,18155.168039921504,363.10336079843006,18881.374761518364
S13_D40,3,store_dept,0,0,2,2,3542.9648730772874,77300.15462184875,8242.287263081076,164.84574526162152,8571.978753604319
S13_D72,3,store_dept,0,0,2,2,15311.588079143192,77501.09630252102,35620.592335325964,712.4118467065193,37045.416028739004
S13_D90,3,store_dept,0,0,2,2,7480.859663043537,115699.91722689076,17403.33210361346,348.0666420722692,18099.465387758
S13_D91,3,store_dept,0,0,2,2,4805.671031733318,80811.33588235294,11179.823270731356,223.59646541462712,11627.016201560611
S13_D92,3,store_dept,0,0,2,2,12743.987973898009,161579.56210084035,29647.375438663177,592.9475087732635,30833.270456209702
S13_D95,3,store_dept,0,0,2,2,8492.876121654377,137298.7468907563,19757.668278443092,395.15336556886183,20547.975009580816
S14_D2,3,store_dept,0,0,2,2,6521.544737423176,78770.02151260505,15171.599790146689,303.4319958029338,15778.463781752556
S14_D8,3,store_dept,0,0,2,2,4210.196583060159,53978.035798319324,9794.52264269379,195.8904528538758,10186.303548401542
S14_D13,3,store_dept,0,0,2,2,4445.62077114603,60494.68974789916,10342.209073803107,206.84418147606215,10755.897436755231
S14_D38,3,store_dept,0,0,2,2,9107.14331625095,104255.16605042017,21186.687999362417,423.73375998724833,22034.155519336913
S14_D40,3,store_dept,0,0,2,2,5457.736987121684,72415.59764705882,12696.777322301792,253.93554644603586,13204.648415193864
S14_D72,3,store_dept,0,0,2,2,17430.264629383077,94384.65865546219,40549.44186395911,810.9888372791822,42171.419538517475
S14_D90,3,store_dept,0,0,2,2,10742.519710741399,108073.85411764706,24991.197078489844,499.8239415697969,25990.84496162944
S14_D91,3,store_dept,0,0,2,2,10060.674200423111,91754.87487394958,23404.96442690723,468.0992885381446,24341.163003983518
S14_D92,3,store_dept,0,0,2,2,21622.227093909765,183980.7523529412,50301.544994090415,1006.0308998818083,52313.60679385403
S14_D95,3,store_dept,0,0,2,2,16754.454777460654,146270.61100840336,38977.25045526281,779.5450091052562,40536.34047347332
S19_D2,3,store_dept,0,0,2,2,4571.375338134753,50689.779411764706,10634.762148105861,212.69524296211722,11060.152634030095
S19_D8,3,store_dept,0,0,2,2,2742.7548340819726,42293.270924369746,6380.693584204989,127.61387168409978,6635.921327573188
S19_D13,3,store_dept,0,0,2,2,2659.0341885648686,33580.28100840336,6185.927439204178,123.71854878408357,6433.364536772346
S19_D38,3,store_dept,0,0,2,2,7905.663547364983,78317.27092436975,18391.58792055834,367.83175841116685,19127.251437380677
S19_D40,3,store_dept,0,0,2,2,2437.549911638502,53933.79647058824,5670.670556880838,113.41341113761678,5897.497379156072
S19_D72,3,store_dept,0,0,2,2,16509.762735020726,72266.03184873948,38408.00346099945,768.1600692199889,39944.32359943943
S19_D90,3,store_dept,0,0,2,2,4752.5614257462,67555.40210084034,11056.270075975952,221.12540151951904,11498.52087901499
S19_D91,3,store_dept,0,0,2,2,4175.616210846024,54401.15294117647,9714.075511078396,194.2815102215679,10102.638531521532
S19_D92,3,store_dept,0,0,2,2,9218.59441790431,113456.13352941177,21445.96575923927,428.9193151847854,22303.80438960884
S19_D95,3,store_dept,0,0,2,2,7394.63959504926,97081.33319327731,17202.7513488757,344.055026977514,17890.861402830727
S20_D2,3,store_dept,0,0,2,2,5682.652400144631,78544.54487394958,13220.01633551264,264.40032671025284,13748.816988933148
S20_D8,3,store_dept,0,0,2,2,5091.452011704268,76129.26722689076,11844.658801318907,236.89317602637814,12318.445153371664
S20_D13,3,store_dept,0,0,2,2,2969.353689517907,56302.68218487395,6907.848926382047,138.15697852764094,7184.16288343733
S20_D38,3,store_dept,0,0,2,2,10365.375474601018,110040.8442857143,24113.815776319512,482.27631552639025,25078.368407372294
S20_D40,3,store_dept,0,0,2,2,5573.039720485937,86343.65025210085,12965.015446204265,259.3003089240853,13483.616064052436
S20_D72,3,store_dept,0,0,2,2,22000.214145807455,92466.03504201681,51180.887007086414,1023.6177401417283,53228.122487369874
S20_D90,3,store_dept,0,0,2,2,7764.873399419521,96017.12865546219,18064.056351731277,361.2811270346255,18786.618605800526
S20_D91,3,store_dept,0,0,2,2,8251.045092780583,78130.96873949579,19195.07709266794,383.9015418533588,19962.88017637466
S20_D92,3,store_dept,0,0,2,2,15678.280608370664,164445.22596638656,36473.65898187543,729.4731796375086,37932.60534115045
S20_D95,3,store_dept,0,0,2,2,10840.478514569484,150454.85789915966,25219.08660887562,504.3817321775124,26227.850073230646
S24_D2,3,store_dept,0,0,2,2,3638.224276756184,40945.38008403361,8463.896959411288,169.27793918822576,8802.45283778774
S24_D8,3,store_dept,0,0,2,2,2363.924401088012,48816.27890756303,5499.389545189332,109.98779090378665,5719.365126996906
S24_D13,3,store_dept,0,0,2,2,2745.745186362912,29330.76487394958,6387.650283861993,127.75300567723986,6643.156295216472
S24_D38,3,store_dept,0,0,2,2,7409.576698289831,59427.070420168064,17237.500746681653,344.75001493363305,17927.000776548917
S24_D40,3,store_dept,0,0,2,2,2753.4522146147833,45193.24571428572,6405.579770343588,128.11159540687177,6661.802961157332
S24_D72,3,store_dept,0,0,2,2,12302.52890735824,58504.70907563025,28620.37331708922,572.4074663417844,29765.188249772786
S24_D90,3,store_dept,0,0,2,2,5572.93865798461,72682.59008403363,12964.780336290023,259.29560672580044,13483.371549741623
S24_D91,3,store_dept,0,0,2,2,4728.800540620292,52228.40806722689,11000.993196907517,220.01986393815034,11441.032924783818
S24_D92,3,store_dept,0,0,2,2,10780.85456975765,121336.0225210084,25080.37857803071,501.60757156061425,26083.59372115194
S24_D95,3,store_dept,0,0,2,2,7532.429049428496,94061.20210084034,17523.302160272946,350.4660432054589,18224.234246683864
S26_D2,3,store_dept,0,0,2,2,3190.444796396675,27464.985042016808,7422.191145254961,148.44382290509924,7719.078791065161
S26_D8,3,store_dept,0,0,2,2,2120.0997304647467,28445.755210084033,4932.160388509167,98.64320777018335,5129.446804049534
S26_D13,3,store_dept,0,0,2,2,1760.066625251555,20948.400420168065,4094.5861015225837,81.89172203045167,4258.369545583487
S26_D38,3,store_dept,0,0,2,2,8925.314806315348,103948.92630252101,20763.68555220422,415.2737110440844,21594.23297429239
S26_D40,3,store_dept,0,0,2,2,2087.2279823410727,37231.17504201681,4855.688168043814,97.11376336087628,5049.9156947655665
S26_D72,3,store_dept,0,0,2,2,8417.946533244978,42590.3368907563,19583.3534843937,391.66706968787406,20366.687623769452
S26_D90,3,store_dept,0,0,2,2,4691.443812272324,56987.783613445376,10914.087202272181,218.28174404544365,11350.650690363069
S26_D91,3,store_dept,0,0,2,2,5175.597105573602,39176.612100840335,12040.41237503345,240.80824750066898,12522.028870034786
S26_D92,3,store_dept,0,0,2,2,11047.47852480138,84698.51563025209,25700.647563870385,514.0129512774078,26728.673466425204
S26_D95,3,store_dept,0,0,2,2,6685.504682566728,70200.88991596639,15553.033142134282,311.06066284268564,16175.154467819653
S27_D2,3,store_dept,0,0,2,2,6680.55323041027,79340.45445378151,15541.514176379627,310.83028352759254,16163.174743434813
S27_D8,3,store_dept,0,0,2,2,3250.4156919173474,41999.723361344535,7561.706315744438,151.23412631488875,7864.174568374216
S27_D13,3,store_dept,0,0,2,2,4343.23135307622,52804.82495798319,10104.012245253103,202.08024490506207,10508.172735063228
S27_D38,3,store_dept,0,0,2,2,4818.5071735363235,39874.00957983193,11209.685031115709,224.19370062231417,11658.072432360337
S27_D40,3,store_dept,0,0,2,2,4122.519341132227,70036.52739495799,9590.551945751204,191.81103891502408,9974.174023581252
S27_D72,3,store_dept,0,0,2,2,16678.10516380259,69071.49050420168,38799.63214101504,775.9926428203008,40351.61742665564
S27_D90,3,store_dept,0,0,2,2,7609.266536074169,96400.26596638656,17702.055453120785,354.0411090624157,18410.13767124562
S27_D91,3,store_dept,0,0,2,2,5570.109839289332,66453.38285714286,12958.199425347659,259.16398850695316,13476.527402361564
S27_D92,3,store_dept,0,0,2,2,12841.94927527808,146016.97478991596,29875.270779307215,597.5054155861443,31070.281610479502
S27_D95,3,store_dept,0,0,2,2,11054.01486474976,120193.03689075631,25715.853582962784,514.3170716592557,26744.487726281295
S28_D2,3,store_dept,0,0,2,2,3748.0261700110295,57800.77806722689,8719.338031693367,174.38676063386734,9068.111552961102
S28_D8,3,store_dept,0,0,2,2,1916.1935184540944,33349.7743697479,4457.796787873534,89.15593575747069,4636.108659388476
S28_D13,3,store_dept,0,0,2,2,2901.257986187599,38208.6343697479,6749.43235485605,134.988647097121,7019.4096490502925
S28_D38,3,store_dept,0,0,2,2,6277.952010827339,49285.04672268907,14604.910223716925,292.0982044743385,15189.106632665602
S28_D40,3,store_dept,0,0,2,2,3232.1726117202206,45833.39546218487,7519.265954935119,150.38531909870238,7820.036593132524
S28_D72,3,store_dept,0,0,2,2,18817.649114429605,55015.67949579832,43777.027199899254,875.5405439979851,45528.10828789522
S28_D90,3,store_dept,0,0,2,2,10232.454306504455,65675.6581512605,23804.59045514251,476.09180910285016,24756.77407334821
S28_D91,3,store_dept,0,0,2,2,13468.893912499661,57716.06386554622,31333.78306580927,626.6756613161855,32587.134388441646
S28_D92,3,store_dept,0,0,2,2,17455.28697031412,98769.44361344539,40607.65337023613,812.1530674047226,42231.959505045575
S28_D95,3,store_dept,0,0,2,2,12502.10334480109,96592.80495798319,29084.659558330728,581.6931911666146,30248.04594066396
S31_D2,3,store_dept,0,0,2,2,3067.9885022299454,58722.31470588235,7137.3111112009165,142.74622222401834,7422.803555648954
S31_D8,3,store_dept,0,0,2,2,1605.5867686024176,25293.320840336135,3735.207050226525,74.7041410045305,3884.615332235586
S31_D13,3,store_dept,0,0,2,2,1839.3270409195331,42489.92075630253,4278.976051163621,85.57952102327243,4450.135093210167
S31_D38,3,store_dept,0,0,2,2,7690.71326976405,81118.33151260503,17891.53161214592,357.8306322429184,18607.192876631758
S31_D40,3,store_dept,0,0,2,2,2793.5146252579702,56824.22428571429,6498.7802137016,129.975604274032,6758.731422249664
S31_D72,3,store_dept,0,0,2,2,14552.695838934298,45630.32184873949,33855.11961132124,677.1023922264249,35209.32439577409
S31_D90,3,store_dept,0,0,2,2,5371.098153498446,86200.34092436975,12495.2223590315,249.90444718063003,12995.03125339276
S31_D91,3,store_dept,0,0,2,2,4919.851704665551,70300.27218487395,11445.45105421597,228.9090210843194,11903.269096384609
S31_D92,3,store_dept,0,0,2,2,10338.673882256355,126988.2231092437,24051.697690938876,481.03395381877755,25013.765598576432
S31_D95,3,store_dept,0,0,2,2,6869.368015142641,107289.05756302521,15980.769362652274,319.61538725304547,16620.000137158364
S32_D2,3,store_dept,0,0,2,2,2612.4900688145003,50412.60605042017,6077.648068921691,121.55296137843384,6320.753991678559
S32_D8,3,store_dept,0,0,2,2,2052.9911582049103,24708.325210084036,4776.040260256137,95.52080520512274,4967.081870666382
S32_D13,3,store_dept,0,0,2,2,1702.1419492788748,29910.690168067227,3959.831217945925,79.1966243589185,4118.224466663762
S32_D38,3,store_dept,0,0,2,2,5450.679493459984,60843.652436974786,12680.358900951036,253.60717801902072,13187.573256989077
S32_D40,3,store_dept,0,0,2,2,2581.972458541505,58072.19235294117,6006.652470753565,120.1330494150713,6246.918569583708
S32_D72,3,store_dept,0,0,2,2,14464.178987504627,44287.88336134454,33649.19566252603,672.9839132505206,34995.16348902707
S32_D90,3,store_dept,0,0,2,2,3194.2792582194083,61721.66747899159,7431.111565573675,148.6222313114735,7728.356028196623
S32_D91,3,store_dept,0,0,2,2,2229.7632536440624,48378.193193277315,5187.279559233655,103.7455911846731,5394.770741603002
S32_D92,3,store_dept,0,0,2,2,7111.9738264642865,100226.33907563025,16545.162987833504,330.9032597566701,17206.969507346843
S32_D95,3,store_dept,0,0,2,2,4660.603585683903,84935.78445378151,10842.341075537513,216.84682151075026,11276.034718559014
S33_D2,3,store_dept,0,0,2,2,696.9268686566588,7417.721092436976,1621.3176417519762,32.42635283503952,1686.1703474220553
S33_D8,3,store_dept,0,0,2,2,632.0730499012022,3651.663613445378,1470.4429299104263,29.408858598208525,1529.2606471068434
S33_D13,3,store_dept,0,0,2,2,642.3803649845879,6861.6726050420175,1494.4216750777653,29.888433501555305,1554.1985420808758
S33_D38,3,store_dept,0,0,2,2,4603.285634027063,13267.189075630253,10708.997664069611,214.17995328139224,11137.357570632397
S33_D40,3,store_dept,0,0,2,2,1053.9199499953386,6145.321344537815,2451.8196740146254,49.03639348029251,2549.8924609752107
S33_D90,3,store_dept,0,0,2,2,2004.7266385681196,24510.36966386555,4663.758583831972,93.27517167663945,4850.308927185251
S33_D91,3,store_dept,0,0,2,2,1756.66226170672,9833.874453781513,4086.666253799081,81.73332507598163,4250.132903951045
S33_D92,3,store_dept,0,0,2,2,4572.747100750905,33660.996050420166,10637.953391017976,212.75906782035952,11063.471526658695
S33_D95,3,store_dept,0,0,2,2,3181.160298879547,26943.794873949577,7400.591863757411,148.01183727514822,7696.6155383077075
S34_D2,3,store_dept,0,0,2,2,2126.226566533809,35177.925798319324,4946.413745430304,98.92827490860607,5144.270295247516
S34_D8,3,store_dept,0,0,2,2,1749.2783597107928,27043.341848739496,4069.488482200118,81.38976964400237,4232.268021488123
S34_D13,3,store_dept,0,0,2,2,1465.9556266916134,23401.850924369744,3410.371771376787,68.20743542753574,3546.7866422318584
S34_D38,3,store_dept,0,0,2,2,5217.696748566056,48944.55613445378,12138.352197653134,242.76704395306268,12623.88628555926
S34_D40,3,store_dept,0,0,2,2,2461.8560477485,38532.63756302521,5727.215897647974,114.54431795295949,5956.304533553894
S34_D72,3,store_dept,0,0,2,2,8369.596462672647,36619.17478991597,19470.872783872033,389.41745567744067,20249.707695226916
S34_D90,3,store_dept,0,0,2,2,2420.2228676534414,44495.09546218488,5630.361245594648,112.60722491189296,5855.5756954184335
S34_D91,3,store_dept,0,0,2,2,2553.6314541001016,33995.31966386555,5940.720487711516,118.81440975423033,6178.349307219977
S34_D92,3,store_dept,0,0,2,2,6611.781794057571,67635.20084033614,15381.525592179718,307.6305118435944,15996.786615866908
S34_D95,3,store_dept,0,0,2,2,3728.7404688831407,69634.74478991596,8674.4721370372,173.489442740744,9021.451022518688
S36_D2,3,store_dept,0,0,2,2,1438.7096691521015,13430.056806722689,3346.9872849809863,66.93974569961972,3480.8667763802255
S36_D8,3,store_dept,0,0,2,2,307.5449071315202,3426.7899159663866,715.4667239683595,14.30933447936719,744.0853929270938
S36_D13,3,store_dept,0,0,2,2,1220.0963405242985,12171.81487394958,2838.4093231216984,56.76818646243397,2951.9456960465664
S36_D38,3,store_dept,0,0,2,2,2871.4765922263514,18160.40806722689,6680.149476555767,133.60298953111536,6947.355455617999
S36_D40,3,store_dept,0,0,2,2,1056.4968779154299,10515.679159663867,2457.8145909654104,49.15629181930821,2556.127174604027
S36_D90,3,store_dept,0,0,2,2,2357.0711146749195,35532.67680672269,5483.446187765126,109.66892375530252,5702.784035275731
S36_D91,3,store_dept,0,0,2,2,2043.3916562688746,11221.18974789916,4753.708158365838,95.07416316731677,4943.856484700472
S36_D92,3,store_dept,0,0,2,2,4122.66809657098,44329.889495798314,9590.898007623697,191.81796015247394,9974.533927928645
S36_D95,3,store_dept,0,0,2,2,2710.545649401668,40241.47680672269,6305.762738951049,126.11525477902099,6557.993248509091
S39_D2,3,store_dept,0,0,2,2,5329.390951399122,67680.27521008403,12398.195503570916,247.96391007141833,12894.123323713753
S39_D8,3,store_dept,0,0,2,2,2089.0944205073893,36201.89932773109,4860.030214910396,97.20060429820794,5054.431423506812
S39_D13,3,store_dept,0,0,2,2,2980.8108885364536,54871.56588235294,6934.502740044933,138.69005480089865,7211.8828496467295
S39_D38,3,store_dept,0,0,2,2,4441.844149949654,43116.73655462185,10333.423212836515,206.6684642567303,10746.760141349974
S39_D40,3,store_dept,0,0,2,2,2502.152126492232,58705.376470588235,5820.959942107862,116.41919884215724,6053.798339792176
S39_D72,3,store_dept,0,0,2,2,18407.109564074046,55062.969747899166,42821.95566289369,856.4391132578738,44534.83388940944
S39_D90,3,store_dept,0,0,2,2,5347.126889288198,79015.74714285714,12439.456057993222,248.78912115986444,12937.034300312951
S39_D91,3,store_dept,0,0,2,2,2721.6167276576257,60213.439831932774,6331.518288488405,126.6303657697681,6584.779020027941
S39_D92,3,store_dept,0,0,2,2,7529.8291387094,109812.79478991596,17517.2537765681,350.345075531362,18217.943927630826
S39_D95,3,store_dept,0,0,2,2,6649.19804059265,102868.87722689076,15468.570048813159,309.3714009762632,16087.312850765687
S40_D2,3,store_dept,0,0,2,2,3182.916354483436,26831.634201680674,7404.6771186938,148.093542373876,7700.8642034415525
S40_D8,3,store_dept,0,0,2,2,2475.6217492361216,33784.33176470588,5759.240168309245,115.1848033661849,5989.609775041615
S40_D13,3,store_dept,0,0,2,2,1967.888887705351,21336.618403361343,4578.059928718569,91.56119857437137,4761.182325867311
S40_D38,3,store_dept,0,0,2,2,4693.226392520052,36691.539159663866,10918.234163644256,218.36468327288512,11354.963530190025
S40_D40,3,store_dept,0,0,2,2,2160.2841924980335,33285.74302521008,5025.644769939979,100.51289539879957,5226.670560737578
S40_D72,3,store_dept,0,0,2,2,7951.836444201248,39434.0887394958,18499.00368479158,369.9800736958316,19238.963832183243
S40_D90,3,store_dept,0,0,2,2,4708.543277152773,61151.39109243698,10953.867077782834,219.0773415556567,11392.021760894148
S40_D91,3,store_dept,0,0,2,2,5166.045805164891,43008.95344537815,12018.192408275438,240.36384816550876,12498.920104606455
S40_D92,3,store_dept,0,0,2,2,9595.091703257376,96138.15647058823,22321.842007189436,446.43684014378874,23214.715687477015
S40_D95,3,store_dept,0,0,2,2,5537.110162325416,66632.026302521,12881.429593619343,257.6285918723869,13396.686777364119
S41_D2,3,store_dept,0,0,2,2,2698.865792404398,48677.88336134454,6278.590937927916,125.57181875855831,6529.734575445032
S41_D8,3,store_dept,0,0,2,2,2124.468334377026,33719.906470588234,4942.32342700194,98.84646854003881,5140.016364082018
S41_D13,3,store_dept,0,0,2,2,2642.1673327886488,32440.209327731092,6146.688701166165,122.9337740233233,6392.556249212811
S41_D38,3,store_dept,0,0,2,2,4626.370329024616,46939.44445378151,10762.701467061363,215.25402934122727,11193.209525743818
S41_D40,3,store_dept,0,0,2,2,2286.3464067610053,54325.62705882353,5318.913549111649,106.37827098223299,5531.670091076116
S41_D72,3,store_dept,0,0,2,2,13992.692698091809,55706.49420168067,32552.33877086588,651.0467754173177,33854.43232170052
S41_D90,3,store_dept,0,0,2,2,4316.094410773113,70958.13857142857,10040.881369865792,200.81762739731585,10442.516624660424
S41_D91,3,store_dept,0,0,2,2,2695.3539043145547,52698.52008403361,6270.420947112529,125.40841894225058,6521.23778499703
S41_D92,3,store_dept,0,0,2,2,8586.22311129125,115727.1180672269,19974.828970488765,399.4965794097753,20773.822129308315
S41_D95,3,store_dept,0,0,2,2,5293.435175262047,89054.23050420168,12314.548657975349,246.290973159507,12807.130604294363
DC_R2,1,dc,0,0,2,2,102210.97703112154,5898660.442605042,237781.70665264394,1188.9085332632199,61823.243729687434
WH_R2_B,2,warehouse,0,0,1,1,102210.97703112154,5898660.442605042,168137.05721619492,1681.3705721619492,87431.26975242136
S3_D2,3,store_dept,0,0,2,2,2024.598090633862,16775.760168067227,4709.987158522337,94.19974317044675,4898.386644863231
S3_D8,3,store_dept,0,0,2,2,742.8235066654648,8274.70168067227,1728.0907226122592,34.56181445224519,1797.2143515167497
S3_D13,3,store_dept,0,0,2,2,1040.4412539516927,11313.179915966386,2420.4630874541185,48.40926174908237,2517.2816109522832
S3_D38,3,store_dept,0,0,2,2,14939.72025617141,108615.24445378152,34755.48598213545,695.1097196427089,36145.70542142086
S3_D40,3,store_dept,0,0,2,2,2057.5283850118035,18043.353361344536,4786.5955798993955,95.73191159798792,4978.059403095372
S3_D72,3,store_dept,0,0,2,2,6170.459835413431,22616.067731092437,14354.842435851617,287.09684871703234,14929.036133285681
S3_D90,3,store_dept,0,0,2,2,285.57184155538187,1533.2423529411765,664.3489948863473,13.286979897726948,690.9229546818012
S3_D91,3,store_dept,0,0,2,2,145.79674597555407,311.09512605042016,339.1788249114719,6.783576498229438,352.7459779079308
S3_D92,3,store_dept,0,0,2,2,1373.3126967255778,7534.1236134453775,3194.8489905905517,63.896979811811036,3322.6429502141737
S3_D95,3,store_dept,0,0,2,2,3071.8438950516024,15727.095294117647,7146.280225004328,142.92560450008656,7432.131434004501
S5_D2,3,store_dept,0,0,2,2,946.4012441351397,12372.755966386554,2201.690166214917,44.03380332429834,2289.7577728635138
S5_D8,3,store_dept,0,0,2,2,963.1631629959102,13654.19050420168,2240.684780974089,44.81369561948178,2330.3121722130522
S5_D13,3,store_dept,0,0,2,2,719.2468700997588,11243.43579831933,1673.2424759506926,33.46484951901385,1740.1721749887204
S5_D38,3,store_dept,0,0,2,2,8226.947685780566,55247.93991596638,19139.01733540114,382.78034670802276,19904.578028817185
S5_D40,3,store_dept,0,0,2,2,1635.4029035371009,19178.145714285714,3804.5707492781034,76.09141498556207,3956.7535792492276
S5_D72,3,store_dept,0,0,2,2,7358.718306637392,11867.228907563025,17119.184734879484,342.3836946975897,17803.952124274663
S5_D90,3,store_dept,0,0,2,2,420.3347442046465,3119.0499159663864,977.8588929049265,19.55717785809853,1016.9732486211236
S5_D91,3,store_dept,0,0,2,2,246.66444802945932,1533.8246218487395,573.8355617627898,11.476711235255795,596.7889842333013
S5_D92,3,store_dept,0,0,2,2,1041.0978550915172,7808.060336134454,2421.9905920739993,48.43981184147999,2518.870215756959
S5_D95,3,store_dept,0,0,2,2,2043.2860711348783,19496.96294117647,4753.462527083485,95.0692505416697,4943.601028166824
S7_D2,3,store_dept,0,0,2,2,3977.098089978871,22673.74983193277,9252.246664976134,185.04493329952268,9622.33653157518
S7_D8,3,store_dept,0,0,2,2,1287.3138683018515,13801.217142857144,2994.782923454777,59.895658469095544,3114.5742403929685
S7_D13,3,store_dept,0,0,2,2,2115.73638609573,14968.357815126052,4922.00958571954,98.4401917143908,5118.889969148322
S7_D38,3,store_dept,0,0,2,2,4397.583348931103,31266.14445378151,10230.455712576737,204.60911425153475,10639.673941079807
S7_D40,3,store_dept,0,0,2,2,4599.15410418768,31436.623529411765,10699.386150269134,213.9877230053827,11127.3615962799
S7_D72,3,store_dept,0,0,2,2,13708.017834726608,46399.48588235294,31890.07648927674,637.8015297855349,33165.67954884781
S7_D90,3,store_dept,0,0,2,2,4084.0938578030145,14331.27100840336,9501.159619502421,190.02319239004842,9881.206004282518
S7_D91,3,store_dept,0,0,2,2,3453.152639840581,10823.499579831932,8033.349762260525,160.6669952452105,8354.683752750945
S7_D92,3,store_dept,0,0,2,2,4103.4174033075815,26932.233445378148,9546.113554609185,190.9222710921837,9927.958096793553
S7_D95,3,store_dept,0,0,2,2,6133.583547997002,34726.21663865546,14269.05413002002,285.3810826004004,14839.816295220822
S9_D2,3,store_dept,0,0,2,2,2285.2291543058427,25068.466890756303,5316.314393881292,106.32628787762584,5528.966969636544
S9_D8,3,store_dept,0,0,2,2,1673.3965983314504,21267.620588235295,3892.9585707494643,77.85917141498929,4048.676913579443
S9_D13,3,store_dept,0,0,2,2,1371.1136730124188,22020.463109243698,3189.733222923784,63.79466445847568,3317.3225518407353
S9_D38,3,store_dept,0,0,2,2,8747.96715294531,79202.03033613446,20351.107286013408,407.02214572026816,21165.151577453944
S9_D40,3,store_dept,0,0,2,2,2176.9535848203673,29031.793613445378,5064.424132689443,101.28848265378885,5267.00109799702
S9_D72,3,store_dept,0,0,2,2,10088.547457087452,32485.926470588234,23469.80825026288,469.39616500525756,24408.600580273393
S9_D90,3,store_dept,0,0,2,2,451.4740364299284,3008.4399159663863,1050.300760347681,21.00601520695362,1092.3127907615883
S9_D91,3,store_dept,0,0,2,2,286.40844714599746,890.8701680672269,666.2952584962837,13.325905169925676,692.9470688361351
S9_D92,3,store_dept,0,0,2,2,2896.3797334926808,14028.474117647058,6738.083678960628,134.76167357921256,7007.6070261190525
S9_D95,3,store_dept,0,0,2,2,3203.647334573139,29575.38394957983,7452.905283314618,149.05810566629236,7751.021494647202
S10_D2,3,store_dept,0,0,2,2,8013.427771977461,109714.49546218489,18642.28859859463,372.8457719718926,19387.980142538414
S10_D8,3,store_dept,0,0,2,2,4116.712917426543,86443.48512605042,9577.043990163756,191.54087980327515,9960.125749770308
S10_D13,3,store_dept,0,0,2,2,3253.33669651554,62386.34924369748,7568.5016862484,151.370033724968,7871.241753698337
S10_D38,3,store_dept,0,0,2,2,9949.73264852125,88432.06647058824,23146.87207404884,462.93744148097676,24072.746957010793
S10_D40,3,store_dept,0,0,2,2,6596.674087465962,99092.97974789915,15346.379305926468,306.92758611852935,15960.234478163526
S10_D72,3,store_dept,0,0,2,2,48546.93688174083,144164.81831932772,112938.68662446788,2258.773732489358,117456.2340894466
S10_D90,3,store_dept,0,0,2,2,1132.152825075883,14145.113865546218,2633.8191724376848,52.6763834487537,2739.1719393351923
S10_D91,3,store_dept,0,0,2,2,850.1358646958491,12709.825042016806,1977.7401866773068,39.55480373354614,2056.8497941443993
S10_D92,3,store_dept,0,0,2,2,2507.6462334356047,50257.71907563025,5833.741329816635,116.6748265963327,6067.0909830093
S10_D95,3,store_dept,0,0,2,2,4574.3110152579275,73388.6431092437,10641.591652497715,212.8318330499543,11067.255318597623
S12_D2,3,store_dept,0,0,2,2,4818.354969125742,74568.75571428571,11209.330945619617,224.18661891239233,11657.7041834444
S12_D8,3,store_dept,0,0,2,2,2014.7991164870239,42309.291932773114,4687.1910082089435,93.74382016417887,4874.678648537301
S12_D13,3,store_dept,0,0,2,2,2387.5716537502185,47001.10739495799,5554.40207181799,111.0880414363598,5776.57815469071
S12_D38,3,store_dept,0,0,2,2,6233.091315057949,51779.160252100846,14500.547139520764,290.0109427904153,15080.569025101595
S12_D40,3,store_dept,0,0,2,2,2609.3575900292967,48102.46,6070.360728821497,121.40721457642995,6313.175157974358
S12_D72,3,store_dept,0,0,2,2,23213.992336594725,60642.33218487395,54004.59790474546,1080.0919580949092,56164.78182093528
S12_D90,3,store_dept,0,0,2,2,1400.4444488372085,11195.182016806722,3257.9677916134174,65.15935583226835,3388.286503277954
S12_D91,3,store_dept,0,0,2,2,983.9705565075219,6822.690084033614,2289.090712351476,45.78181424702952,2380.654340845535
S12_D92,3,store_dept,0,0,2,2,2810.0425937197424,24945.074033613444,6537.23057062505,130.744611412501,6798.719793450052
S12_D95,3,store_dept,0,0,2,2,2765.253483999707,43798.48411764706,6433.034022876174,128.66068045752348,6690.355383791221
S15_D2,3,store_dept,0,0,2,2,2825.198116072332,26483.15142857143,6572.488094570975,131.44976189141948,6835.387618353813
S15_D8,3,store_dept,0,0,2,2,2034.9561739904102,20359.919579831934,4734.084010051508,94.68168020103016,4923.4473704535685
S15_D13,3,store_dept,0,0,2,2,1899.9494023224622,18786.167731092435,4420.006779705751,88.40013559411501,4596.807050893981
S15_D38,3,store_dept,0,0,2,2,4935.002259280706,52837.84705882353,11480.697021310374,229.61394042620748,11939.92490216279
S15_D40,3,store_dept,0,0,2,2,1783.4714729487612,30695.12907563025,4149.034701771189,82.98069403542378,4314.996089842037
S15_D72,3,store_dept,0,0,2,2,10979.450314935315,42301.00806722689,25542.388007878155,510.84776015756313,26564.08352819328
S15_D90,3,store_dept,0,0,2,2,604.1090938601504,5326.277899159663,1405.3881052199608,28.107762104399217,1461.6036294287594
S15_D91,3,store_dept,0,0,2,2,286.9715810823368,3413.0694957983196,667.6053227608688,13.352106455217378,694.3095356713036
S15_D92,3,store_dept,0,0,2,2,2333.322883761691,18191.386386554623,5428.198747220564,108.56397494441127,5645.326697109386
S15_D95,3,store_dept,0,0,2,2,2806.1009802083136,27462.28663865546,6528.060874620409,130.5612174924082,6789.183309605226
S16_D2,3,store_dept,0,0,2,2,3705.0864416499835,23821.479411764703,8619.443850173298,172.38887700346598,8964.221604180231
S16_D8,3,store_dept,0,0,2,2,1516.7780258517278,14610.863193277311,3528.604050917509,70.57208101835019,3669.74821295421
S16_D13,3,store_dept,0,0,2,2,2066.191720409404,15072.842857142858,4806.749801451532,96.13499602903065,4999.019793509594
S16_D38,3,store_dept,0,0,2,2,6707.485797116365,52870.78260504202,15604.169596197808,312.0833919239562,16228.336380045721
S16_D40,3,store_dept,0,0,2,2,3600.541469865213,31847.191008403363,8376.232381747885,167.5246476349577,8711.2816770178
S16_D72,3,store_dept,0,0,2,2,6294.856000058127,32482.772268907564,14644.235348329625,292.8847069665925,15230.00476226281
S16_D90,3,store_dept,0,0,2,2,1964.7356840303974,6986.574117647058,4570.724374622207,91.41448749244414,4753.553349607095
S16_D91,3,store_dept,0,0,2,2,2545.7450541049807,3290.8101680672266,5922.373714158865,118.44747428317731,6159.268662725221
S16_D92,3,store_dept,0,0,2,2,3766.81959628906,20698.306134453782,8763.05870733939,175.26117414678782,9113.581055632967
S16_D95,3,store_dept,0,0,2,2,3983.8695154446864,27655.426386554624,9267.999582622568,185.35999165245136,9638.719565927471
S17_D2,3,store_dept,0,0,2,2,6274.414814153433,42201.78285714286,14596.681355484588,291.93362710969177,15180.548609703972
S17_D8,3,store_dept,0,0,2,2,1253.7479459807835,20050.316134453784,2916.69578911065,58.333915782213,3033.3636206750757
S17_D13,3,store_dept,0,0,2,2,5168.050882245245,24419.293109243696,12022.856982120491,240.45713964240983,12503.77126140531
S17_D38,3,store_dept,0,0,2,2,9734.32729586419,77693.67470588237,22645.757087531147,452.9151417506229,23551.58737103239
S17_D40,3,store_dept,0,0,2,2,3550.3826412853937,47150.785462184875,8259.543820403096,165.19087640806194,8589.925573219221
S17_D72,3,store_dept,0,0,2,2,11686.14363851994,52807.155042016806,27186.42614784052,543.7285229568104,28273.88319375414
S17_D90,3,store_dept,0,0,2,2,5528.054099442961,31025.993025210082,12860.361738186475,257.2072347637295,13374.776207713934
S17_D91,3,store_dept,0,0,2,2,2166.2427710790503,12058.544705882354,5039.506695785641,100.79013391571281,5241.086963617066
S17_D92,3,store_dept,0,0,2,2,11074.285798055935,52458.98924369748,25763.011503344627,515.2602300668925,26793.53196347841
S17_D95,3,store_dept,0,0,2,2,4116.846851563564,50866.82823529412,9577.355572036908,191.54711144073815,9960.449794918384
S18_D2,3,store_dept,0,0,2,2,7373.919625855375,63481.727647058826,17154.548799797118,343.09097599594236,17840.730751789004
S18_D8,3,store_dept,0,0,2,2,3572.1706729359967,31792.952016806725,8310.231090019008,166.20462180038015,8642.640333619767
S18_D13,3,store_dept,0,0,2,2,4369.16368271854,41888.97924369748,10164.340732260445,203.28681464520892,10570.914361550864
S18_D38,3,store_dept,0,0,2,2,6703.670509536528,64773.02798319328,15595.293782479404,311.9058756495881,16219.10553377858
S18_D40,3,store_dept,0,0,2,2,5288.411441603455,61091.68126050421,12302.861537885063,246.05723075770126,12794.975999400465
S18_D72,3,store_dept,0,0,2,2,20127.221170368837,60926.0525210084,46823.59115507042,936.4718231014084,48696.534801273236
S18_D90,3,store_dept,0,0,2,2,4627.153837745234,18031.127478991595,10764.524207105314,215.2904841421063,11195.105175389528
S18_D91,3,store_dept,0,0,2,2,6101.610393008985,13537.107731092437,14194.672379830847,283.89344759661697,14762.459275024083
S18_D92,3,store_dept,0,0,2,2,10001.307356819281,48971.63840336134,23266.854511507427,465.33709023014853,24197.528691967724
S18_D95,3,store_dept,0,0,2,2,6856.047160951026,57656.50109243697,15949.779976426285,318.9955995285257,16587.771175483336
S21_D2,3,store_dept,0,0,2,2,3634.5648255760725,48209.29268907563,8455.38368058064,169.10767361161282,8793.599027803866
S21_D8,3,store_dept,0,0,2,2,1590.0023284282488,18435.25663865546,3698.951699876909,73.97903399753818,3846.9097678719854
S21_D13,3,store_dept,0,0,2,2,1854.284074070721,28433.463697478994,4313.771813541148,86.27543627082296,4486.3226860827945
S21_D38,3,store_dept,0,0,2,2,5263.7205088869605,40934.0287394958,12245.421013484382,244.90842026968764,12735.237854023757
S21_D40,3,store_dept,0,0,2,2,2292.860852444532,39646.84210084034,5334.068633795492,106.68137267590984,5547.431379147311
S21_D72,3,store_dept,0,0,2,2,13074.43037469099,43225.72983193277,30416.11046393378,608.3222092786756,31632.754882491132
S21_D90,3,store_dept,0,0,2,2,993.4935534044089,10988.093865546218,2311.2448343485703,46.224896686971405,2403.694627722513
S21_D91,3,store_dept,0,0,2,2,644.2435999464566,6787.7702521008405,1498.7562700693884,29.975125401387768,1558.706520872164
S21_D92,3,store_dept,0,0,2,2,3362.910343933071,21997.408487394958,7823.411771680441,156.46823543360884,8136.3482425476595
S21_D95,3,store_dept,0,0,2,2,2763.4244156254013,40953.23462184874,6428.778912395288,128.57557824790575,6685.930068891099
S22_D2,3,store_dept,0,0,2,2,4321.105067848519,53492.36504201681,10052.538068837355,201.05076137674712,10454.63959159085
S22_D8,3,store_dept,0,0,2,2,2878.985613735608,37143.311596638654,6697.618323852068,133.95236647704135,6965.523056806151
S22_D13,3,store_dept,0,0,2,2,2766.061986647145,37148.56210084033,6434.914908324344,128.69829816648686,6692.311504657317
S22_D38,3,store_dept,0,0,2,2,9021.620868033955,70577.89075630253,20987.730174236087,419.75460348472177,21827.23938120553
S22_D40,3,store_dept,0,0,2,2,2921.9508817407586,54085.09714285714,6797.571920322849,135.951438406457,7069.474797135763
S22_D72,3,store_dept,0,0,2,2,21138.98909327826,67241.9531092437,49177.34914108938,983.5469828217875,51144.44310673295
S22_D90,3,store_dept,0,0,2,2,2161.4701146379216,21202.78092436975,5028.403677041452,100.56807354082905,5229.5398241231105
S22_D91,3,store_dept,0,0,2,2,1993.118911201966,21258.668487394956,4636.754583834572,92.73509167669145,4822.224767187956
S22_D92,3,store_dept,0,0,2,2,6055.610470733169,51475.61033613445,14087.659020382163,281.7531804076433,14651.165381197452
S22_D95,3,store_dept,0,0,2,2,6363.875553346847,58021.24907563025,14804.801147132212,296.09602294264425,15396.9931930175
S23_D2,3,store_dept,0,0,2,2,6203.177680957052,70055.36268907563,14430.956620231156,288.61913240462314,15008.194885040404
S23_D8,3,store_dept,0,0,2,2,2998.9829276630485,36248.293613445385,6976.777832235518,139.53555664471037,7255.848945524939
S23_D13,3,store_dept,0,0,2,2,4384.513463945327,36992.52302521009,10200.050176420624,204.00100352841247,10608.052183477448
S23_D38,3,store_dept,0,0,2,2,4843.590007691086,43978.912773109245,11268.037267697779,225.36074535395556,11718.75875840569
S23_D40,3,store_dept,0,0,2,2,3760.8087779897896,61071.399159663866,8749.075251989538,174.98150503979076,9099.03826206912
S23_D72,3,store_dept,0,0,2,2,22645.785140381166,77760.23100840337,52682.73130320778,1053.6546260641555,54790.04055533609
S23_D90,3,store_dept,0,0,2,2,3370.065460888956,20706.48243697479,7840.057302038219,156.8011460407644,8153.659594119748
S23_D91,3,store_dept,0,0,2,2,3402.654220022687,20459.159747899157,7915.871182206403,158.31742364412807,8232.50602949466
S23_D92,3,store_dept,0,0,2,2,4945.200354221054,59616.87806722689,11504.421678778263,230.08843357556526,11964.598545929393
S23_D95,3,store_dept,0,0,2,2,4704.188907617232,54146.30554621849,10943.737153878064,218.8747430775613,11381.486640033188
S25_D2,3,store_dept,0,0,2,2,3298.849432439603,36998.259327731095,7674.381664473828,153.48763328947658,7981.356931052782
S25_D8,3,store_dept,0,0,2,2,2594.6672045782975,29786.95705882353,6036.185290670072,120.72370581340145,6277.632702296875
S25_D13,3,store_dept,0,0,2,2,1911.3512773499062,25338.050000000003,4446.531888669735,88.93063777339471,4624.393164216524
S25_D38,3,store_dept,0,0,2,2,5236.208862697123,44742.46487394958,12181.418433978155,243.6283686795631,12668.675171337281
S25_D40,3,store_dept,0,0,2,2,2111.476721867118,42002.13243697479,4912.09998247078,98.24199964941559,5108.583981769611
S25_D72,3,store_dept,0,0,2,2,9205.85215792298,39258.07403361344,21416.322403770217,428.32644807540436,22272.975299921025
S25_D90,3,store_dept,0,0,2,2,1181.0015421781159,11843.411596638656,2747.4599149268643,54.94919829853728,2857.358311523939
S25_D91,3,store_dept,0,0,2,2,629.8194039928811,7695.426722689076,1465.2000901897165,29.304001803794332,1523.8080937973052
S25_D92,3,store_dept,0,0,2,2,3413.2343319741535,38668.222100840336,7940.484556909101,158.80969113818202,8258.103939185465
S25_D95,3,store_dept,0,0,2,2,2866.3027981740447,43947.798739495796,6668.113258770154,133.36226517540308,6934.83778912096
S29_D2,3,store_dept,0,0,2,2,2944.9892515085257,25238.35226890756,6851.167953165841,137.02335906331683,7125.214671292475
S29_D8,3,store_dept,0,0,2,2,1629.667278531894,20592.35705882353,3791.2274984642263,75.82454996928453,3942.876598402796
S29_D13,3,store_dept,0,0,2,2,1240.182909900614,17844.365630252098,2885.138342702861,57.70276685405722,3000.5438764109754
S29_D38,3,store_dept,0,0,2,2,4680.571704977367,42821.464201680676,10888.79453505975,217.77589070119498,11324.346316462139
S29_D40,3,store_dept,0,0,2,2,1967.5598499910693,28532.709243697478,4577.294461529745,91.5458892305949,4760.386239990935
S29_D72,3,store_dept,0,0,2,2,17131.9568357119,34553.94369747899,39855.4641881042,797.1092837620839,41449.68275562836
S29_D90,3,store_dept,0,0,2,2,947.9366773127313,10877.862100840337,2205.2621692621797,44.1052433852436,2293.472656032667
S29_D91,3,store_dept,0,0,2,2,466.40603883161293,4677.044285714286,1085.0382916573842,21.700765833147685,1128.4398233236795
S29_D92,3,store_dept,0,0,2,2,3152.1772426753037,25123.268235294116,7333.166223494172,146.66332446988346,7626.49287243394
S29_D95,3,store_dept,0,0,2,2,4201.428650175003,31024.45268907563,9774.125087501518,195.48250175003037,10165.090091001579
S35_D2,3,store_dept,0,0,2,2,3622.5064260031245,44338.36731092437,8427.33124518437,168.54662490368742,8764.424494991745
S35_D8,3,store_dept,0,0,2,2,3058.6908897788207,17757.729579831932,7115.681319366032,142.31362638732065,7400.308572140674
S35_D13,3,store_dept,0,0,2,2,2608.2513559327776,32269.59731092437,6067.787206494755,121.3557441298951,6310.498694754545
S35_D38,3,store_dept,0,0,2,2,4058.4866740669727,35682.61638655462,9441.587545854502,188.83175091709003,9819.251047688682
S35_D40,3,store_dept,0,0,2,2,2452.777888822856,34811.572857142855,5706.096638393205,114.1219327678641,5934.340503928933
S35_D72,3,store_dept,0,0,2,2,47095.06224891529,86000.77907563026,109561.07261404881,2191.2214522809763,113943.51551861077
S35_D90,3,store_dept,0,0,2,2,2125.5510489711933,12501.742689075629,4944.842233997986,98.89684467995973,5142.635923357906
S35_D91,3,store_dept,0,0,2,2,1820.8186135875287,7567.253949579832,4235.918391739034,84.71836783478068,4405.355127408595
S35_D92,3,store_dept,0,0,2,2,4439.551178877582,32366.39949579832,10328.08888778984,206.5617777557968,10741.212443301434
S35_D95,3,store_dept,0,0,2,2,6073.191488538241,42339.31042016807,14128.559171616487,282.57118343232975,14693.701538481148
S45_D2,3,store_dept,0,0,2,2,2610.2829116586577,35813.534201680675,6072.513379765877,121.45026759531754,6315.413914956513
S45_D8,3,store_dept,0,0,2,2,2092.4006959371227,33908.59302521008,4867.7218722761845,97.35443744552369,5062.430747167232
S45_D13,3,store_dept,0,0,2,2,1773.5874560013347,27038.574033613444,4126.040709475947,82.52081418951893,4291.082337854984
S45_D38,3,store_dept,0,0,2,2,5434.585858717082,53615.18756302521,12642.918969873514,252.8583793974703,13148.635728668454
S45_D40,3,store_dept,0,0,2,2,2140.948079108145,39156.6587394958,4980.661597139695,99.6132319427939,5179.888061025283
S45_D72,3,store_dept,0,0,2,2,10451.835725400777,37705.710336134456,24314.955287846948,486.29910575693896,25287.553499360827
S45_D90,3,store_dept,0,0,2,2,2183.786617653692,23791.045714285712,5080.320372564214,101.60640745128428,5283.533187466783
S45_D91,3,store_dept,0,0,2,2,1509.6398630476858,16749.216974789917,3511.9979623817085,70.23995924763418,3652.477880876977
S45_D92,3,store_dept,0,0,2,2,4295.464528671859,47946.5943697479,9992.88839771579,199.8577679543158,10392.603933624421
S45_D95,3,store_dept,0,0,2,2,3644.31127993167,53257.97529411764,8478.057649833283,169.56115299666567,8817.179955826614
DC_R3,1,dc,0,0,2,2,30564.590408230313,1798532.5320650842,71104.89187668309,355.52445938341543,18487.271887937604
WH_R3_C,2,warehouse,0,0,1,1,30564.590408230313,1798532.5320650842,50278.75122153886,502.78751221538863,26144.95063520021
S30_D2,3,store_dept,0,0,2,2,875.4130083580727,12942.014201680671,2036.5444612659107,40.730889225318215,2118.006239716547
S30_D8,3,store_dept,0,0,2,2,701.2965443919983,11577.18680672269,1631.4831737138838,32.62966347427768,1696.7425006624392
S30_D13,3,store_dept,0,0,2,2,1068.4430644537888,11255.030504201679,2485.6059760552616,49.71211952110524,2585.030215097472
S30_D38,3,store_dept,0,0,2,2,5970.904749472611,61596.64,13890.601213582746,277.81202427165493,14446.225262126056
S30_D40,3,store_dept,0,0,2,2,1964.545781251251,23299.659663865546,4570.282588346064,91.40565176692128,4753.093891879907
S30_D72,3,store_dept,0,0,2,2,39.39145467931923,64.1764406779661,91.63954394376684,1.8327908788753369,95.30512570151751
S30_D90,3,store_dept,0,0,2,2,2347.542674019444,34265.54016806722,5461.279401509794,109.2255880301959,5679.730577570186
S30_D91,3,store_dept,0,0,2,2,2318.0816544581626,31360.62319327731,5392.741836225829,107.85483672451657,5608.451509674862
S30_D92,3,store_dept,0,0,2,2,4243.672483009452,52753.08915966387,9872.400350674727,197.44800701349453,10267.296364701715
S30_D95,3,store_dept,0,0,2,2,2141.6154347341094,45163.38277310924,4982.214120795131,99.64428241590262,5181.502685626936
S37_D2,3,store_dept,0,0,2,2,1009.1958806266111,16543.574201680673,2347.7744349234345,46.95548869846869,2441.685412320372
S37_D8,3,store_dept,0,0,2,2,851.5353076086336,16060.402268907565,1980.9958245141656,39.619916490283316,2060.2356574947325
S37_D13,3,store_dept,0,0,2,2,756.1269260376513,16732.165546218486,1759.0395488001861,35.18079097600372,1829.4011307521935
S37_D38,3,store_dept,0,0,2,2,9584.355681972704,68808.92949579832,22296.865927927898,445.937318558558,23188.740565045016
S37_D40,3,store_dept,0,0,2,2,1787.8864141584006,27032.933781512605,4159.305538486501,83.18611076973002,4325.677760025961
S37_D72,3,store_dept,0,0,2,2,100.87494698267052,218.7618487394958,234.6735913181905,4.69347182636381,244.06053497091813
S37_D90,3,store_dept,0,0,2,2,1880.3527174057851,44399.3631092437,4374.417418175602,87.48834836351203,4549.394114902626
S37_D91,3,store_dept,0,0,2,2,1630.566199245277,30865.200084033615,3793.318730811106,75.86637461622212,3945.0514800435503
S37_D92,3,store_dept,0,0,2,2,5230.251889665468,59408.121512605045,12167.560243252521,243.35120486505042,12654.262652982621
S37_D95,3,store_dept,0,0,2,2,2468.4710590791747,51316.16638655462,5742.60493637378,114.8520987274756,5972.309133828731
S38_D2,3,store_dept,0,0,2,2,974.7734213011322,10956.868319327732,2267.694668900834,45.353893378016686,2358.4024556568675
S38_D8,3,store_dept,0,0,2,2,797.894435649614,9447.631848739495,1856.2067025310346,37.12413405062069,1930.454970632276
S38_D13,3,store_dept,0,0,2,2,670.5038060153719,10002.859495798319,1559.8475226675857,31.196950453351715,1622.2414235742892
S38_D38,3,store_dept,0,0,2,2,11976.988658986294,54855.801260504195,27863.04256759019,557.2608513518038,28977.5642702938
S38_D40,3,store_dept,0,0,2,2,1594.8876567556001,16351.603277310925,3710.3168363913796,74.20633672782759,3858.729509847035
S38_D72,3,store_dept,0,0,2,2,81.13415867922856,170.80764705882353,188.7489903623486,3.774979807246972,196.29894997684255
S38_D90,3,store_dept,0,0,2,2,2733.8825991458125,34872.2662184874,6360.053382670658,127.20106765341316,6614.455517977484
S38_D91,3,store_dept,0,0,2,2,3305.1813360437695,25450.951344537814,7689.11208667594,153.78224173351882,7996.676570142979
S38_D92,3,store_dept,0,0,2,2,4955.299133266942,45266.75,11527.915289605482,230.55830579210965,11989.0319011897
S38_D95,3,store_dept,0,0,2,2,2676.2394819438628,41823.309579831934,6225.953512155922,124.51907024311845,6474.991652642159
S42_D2,3,store_dept,0,0,2,2,1141.1929571232113,16051.504453781512,2654.849966673459,53.096999333469185,2761.043965340398
S42_D8,3,store_dept,0,0,2,2,1319.4696932586587,18193.454285714288,3069.5896336452606,61.39179267290521,3192.373218991071
S42_D13,3,store_dept,0,0,2,2,1135.6463674570039,15072.448907563024,2641.94648413918,52.8389296827836,2747.6243435047472
S42_D38,3,store_dept,0,0,2,2,5999.0209521883935,38652.06285714286,13956.010222091829,279.12020444183656,14514.2506309755
S42_D40,3,store_dept,0,0,2,2,1962.1790861062573,19697.45285714286,4564.7767529940365,91.29553505988073,4747.367823113798
S42_D72,3,store_dept,0,0,2,2,152.38132510252035,-59.256,354.49706672734544,7.089941334546909,368.6769493964393
S42_D90,3,store_dept,0,0,2,2,4457.477177064598,53752.98420168067,10369.791594937069,207.3958318987414,10784.583258734552
S42_D91,3,store_dept,0,0,2,2,6209.769532031755,43220.46226890756,14446.291779370333,288.92583558740665,15024.143450545145
S42_D92,3,store_dept,0,0,2,2,11248.437637491887,83863.74235294118,26168.15508772861,523.3631017545722,27214.881291237754
S42_D95,3,store_dept,0,0,2,2,5134.4959538418525,61600.31193277311,11944.79542382097,238.8959084764194,12422.58724077381
S43_D2,3,store_dept,0,0,2,2,1996.7195487004897,20638.951596638657,4645.131039615597,92.90262079231194,4830.936281200221
S43_D8,3,store_dept,0,0,2,2,987.6138897924691,13028.895798319329,2297.566494812056,45.95132989624113,2389.4691546045387
S43_D13,3,store_dept,0,0,2,2,1571.8155370390014,17715.071260504203,3656.642288298208,73.13284576596416,3802.9079798301364
S43_D38,3,store_dept,0,0,2,2,7273.135717934029,57819.730588235296,16920.087000049683,338.4017400009937,17596.890480051672
S43_D40,3,store_dept,0,0,2,2,2018.4990050179388,17810.830252100837,4695.798359736731,93.91596719473462,4883.6302941262
S43_D72,3,store_dept,0,0,2,2,127.27885033983115,76.57582608695651,296.09913860207445,5.921982772041489,307.94310414615745
S43_D90,3,store_dept,0,0,2,2,3924.899568667859,63746.861008403364,9130.813000583144,182.6162600116629,9496.04552060647
S43_D91,3,store_dept,0,0,2,2,3513.437730775687,34634.90966386555,8173.595871089859,163.4719174217972,8500.539705933454
S43_D92,3,store_dept,0,0,2,2,7225.24097616108,83342.82352941176,16808.66556793685,336.17331135873695,17481.01219065432
S43_D95,3,store_dept,0,0,2,2,7768.977011662624,72955.09159663865,18073.602918557546,361.4720583711509,18796.54703529985
S44_D2,3,store_dept,0,0,2,2,870.7780097440906,9343.421092436976,2025.7616871179862,40.515233742359726,2106.7921546027055
S44_D8,3,store_dept,0,0,2,2,370.5559755322199,4935.426974789916,862.0544958254159,17.24108991650832,896.5366756584326
S44_D13,3,store_dept,0,0,2,2,566.6318035405286,7223.341680672269,1318.201637467061,26.36403274934122,1370.9297029657434
S44_D38,3,store_dept,0,0,2,2,6189.538780830659,45628.719663865544,14399.227337886743,287.98454675773485,14975.196431402212
S44_D40,3,store_dept,0,0,2,2,1026.0156249165414,14980.89,2386.9035736802525,47.73807147360505,2482.3797166274626
S44_D72,3,store_dept,0,0,2,2,58.98142094501267,98.1347899159664,137.21327532983884,2.744265506596777,142.7018063430324
S44_D90,3,store_dept,0,0,2,2,2403.546012116096,31121.023781512606,5591.564520561266,111.83129041122532,5815.227101383717
S44_D91,3,store_dept,0,0,2,2,1319.372606517582,18137.103277310925,3069.3637728653607,61.38727545730722,3192.1383237799755
S44_D92,3,store_dept,0,0,2,2,2800.755460839663,39362.356722689074,6515.625158268384,130.3125031653677,6776.250164599121
S44_D95,3,store_dept,0,0,2,2,2726.4581970980717,31025.394705882354,6342.781392508097,126.85562785016195,6596.492648208421
