Store,Dept,mu_demand,sigma_historical,mu_forecast,sigma_residual,n_oof_samples,sigma_reduction_pct,model
1,2,46198.28277310925,3599.618688681478,46799.824,2806.0267847893965,79,22.04655471946031,XGBoost
1,8,35500.78058823529,2445.8619434587476,35996.93,1765.2023124180791,79,27.829029061146947,XGBoost
1,13,38630.1687394958,2522.4856376761186,38516.965,2026.554360229888,79,19.660420263209723,XGBoost
1,38,78910.35327731092,12095.506150142315,79130.85,11225.956382005674,79,7.189031672944168,XGBoost
1,40,58206.31050420168,4312.366130019231,59306.906,3386.205017870742,79,21.476866393632466,XGBoost
1,72,46915.56781512605,24302.016433877656,47693.805,15313.054339463952,79,36.98854421760185,XGBoost
1,90,82560.94899159664,8427.659246418902,85796.74,4260.612600097314,79,49.444887654804724,XGBoost
1,91,64426.45840336134,6147.907617183285,67251.164,6147.907617183285,79,0.0,XGBoost
1,92,135323.5518487395,17223.05138810475,147068.6,17223.05138810475,79,0.0,XGBoost
1,95,121067.63117647059,10321.472404849907,124185.82,9898.460723110607,79,4.098365670585258,XGBoost
2,2,65859.36487394958,5087.603401757657,66125.88,3992.3191026491877,79,21.528492152711276,XGBoost
2,8,58272.883697478996,3755.663576728374,58826.043,3748.0997723923056,79,0.2013972812404452,XGBoost
2,13,45804.24596638655,2953.048662485483,45239.023,1942.9851130152708,79,34.204094307747546,XGBoost
2,38,84531.25714285714,9737.308249893094,84943.914,8829.143618157172,79,9.326649710877676,XGBoost
2,40,77527.2725210084,5176.110337301781,77233.91,3713.1620571824005,79,28.263467831753964,XGBoost
2,72,73277.11957983194,36672.80254076826,74627.414,18580.101813879253,79,49.335473357335566,XGBoost
2,90,97330.75739495797,9255.774447136242,98275.11,5456.7774871932725,79,41.04461470664281,XGBoost
2,91,80270.69983193277,5518.932276402009,81156.38,4472.898112984757,79,18.953560417653815,XGBoost
2,92,164150.21495798317,20818.83977681733,172070.98,20818.83977681733,79,0.0,XGBoost
2,95,143430.09638655462,10708.870371096667,151592.53,10708.870371096667,79,0.0,XGBoost
3,2,16775.760168067227,2024.598090633862,17890.28,1444.9264721234965,79,28.631441528668123,XGBoost
3,8,8274.70168067227,742.8235066654648,8325.745,590.6134947603257,79,20.490737105023772,XGBoost
3,13,11313.179915966386,1040.4412539516927,11243.677,794.0660560676309,79,23.679875913061487,XGBoost
3,38,108615.24445378152,17209.470151967605,105445.29,14700.503095221053,79,14.578990721917695,XGBoost
3,40,18043.353361344536,2057.5283850118035,18637.89,1358.9744345725185,79,33.95112094335834,XGBoost
3,72,22616.067731092437,11847.294935936006,25263.605,8756.849135155386,79,26.08566611612305,XGBoost
3,90,1533.2423529411765,285.57184155538187,1738.786,285.57184155538187,79,0.0,XGBoost
3,91,311.09512605042016,145.79674597555407,363.77325,145.79674597555407,79,0.0,XGBoost
3,92,7534.1236134453775,1373.3126967255778,7931.8877,748.429363802256,79,45.50189730374197,XGBoost
3,95,15727.095294117647,3071.8438950516024,16733.803,1575.7030761994279,79,48.7049755771213,XGBoost
4,2,94176.43588235293,7925.592899497294,98685.484,5408.450216603756,79,31.759676718358765,XGBoost
4,8,62929.30285714286,3493.9750433216423,63336.0,3040.872893139611,79,12.968099215479157,XGBoost
4,13,69174.80848739496,4405.642467733585,70411.87,3659.6601697983265,79,16.932429342570277,XGBoost
4,38,80515.73537815126,7833.517764137147,82577.81,6537.923127205838,79,16.539116600497273,XGBoost
4,40,78399.10924369747,5483.462804604692,80982.11,4302.141663027596,79,21.5433419295758,XGBoost
4,72,102107.86176470589,50963.09781044771,104038.484,29608.024757309537,79,41.90301212176366,XGBoost
4,90,89231.1405882353,9247.602082066169,93570.59,5446.910065780486,79,41.09921666781432,XGBoost
4,91,66056.95722689075,5553.671403460672,68652.82,4833.75659804476,79,12.962862818410725,XGBoost
4,92,159117.44529411764,19939.072940163536,171955.97,19939.072940163536,79,0.0,XGBoost
4,95,147772.53957983194,14841.812695205339,161878.98,14841.812695205339,79,0.0,XGBoost
5,2,12372.755966386554,946.4012441351397,12792.056,934.1791575297652,79,1.2914275716684465,XGBoost
5,8,13654.19050420168,963.1631629959102,13852.421,812.0341702469806,79,15.690902492454573,XGBoost
5,13,11243.43579831933,719.2468700997588,11041.281,625.3546395290233,79,13.054242496420276,XGBoost
5,38,55247.93991596638,8226.947685780566,56698.664,8007.416262898681,79,2.668443161019751,XGBoost
5,40,19178.145714285714,1635.4029035371009,19265.912,1322.5362704341378,79,19.13085958367111,XGBoost
5,72,11867.228907563025,11299.232536840706,11739.407,9200.814217871952,79,18.571334930287897,XGBoost
5,90,3119.0499159663864,420.3347442046465,3173.089,420.3347442046465,79,0.0,XGBoost
5,91,1533.8246218487395,246.66444802945932,1526.1844,246.66444802945932,79,0.0,XGBoost
5,92,7808.060336134454,1041.0978550915172,8029.292,694.807642542614,79,33.2620234356801,XGBoost
5,95,19496.96294117647,2043.2860711348783,19901.445,1062.9871234219593,79,47.976588376998194,XGBoost
6,2,50391.806806722685,5624.417985926648,50978.977,3311.8158185126213,79,41.11718178130772,XGBoost
6,8,47703.40310924369,3695.138216270389,48382.066,2448.7558341044296,79,33.73033183651706,XGBoost
6,13,37671.083949579835,2785.372833451423,37128.18,1875.8904149729283,79,32.65208906886383,XGBoost
6,38,77184.35899159664,9285.79181424835,77699.59,7532.7870415784655,79,18.878355316775796,XGBoost
6,40,65638.9712605042,4314.715185178046,67503.86,4314.715185178046,79,0.0,XGBoost
6,72,81294.72336134454,39185.93602534719,80437.87,26003.156789064415,79,33.64160863161613,XGBoost
6,90,53832.47294117647,5809.9572551005485,54950.97,4130.738443957617,79,28.902429698062736,XGBoost
6,91,45307.94546218487,3092.4299978810327,46016.88,2904.6719465344695,79,6.071537641117731,XGBoost
6,92,98912.983697479,13151.194297775279,99462.81,6895.974361391335,79,47.56389263781243,XGBoost
6,95,89168.65546218488,11315.3107400223,89725.38,6027.000022975316,79,46.73588590317902,XGBoost
7,2,22673.74983193277,4138.425558386925,23973.76,2792.8586361153953,79,32.51398154413112,XGBoost
7,8,13801.217142857144,1287.3138683018515,14034.077,1079.2685472704084,79,16.16119628275925,XGBoost
7,13,14968.357815126052,2115.73638609573,15029.658,1281.8105118720255,79,39.415395968237235,XGBoost
7,38,31266.14445378151,4397.583348931103,32222.693,4148.908433584717,79,5.654808462171146,XGBoost
7,40,31436.623529411765,6426.632795344775,32930.75,3624.8164380843964,79,43.59695732561405,XGBoost
7,72,46399.48588235294,25441.58264692261,46298.504,18930.53722295879,79,25.592139900743916,XGBoost
7,90,14331.27100840336,4758.496773842394,16324.894,2503.112273042312,79,47.39699547970697,XGBoost
7,91,10823.499579831932,3453.152639840581,12438.425,1660.917791946538,79,51.90140821509656,XGBoost
7,92,26932.233445378148,5788.211429011823,29127.53,3119.329397174555,79,46.10892439865324,XGBoost
7,95,34726.21663865546,8290.230712267861,37462.406,5926.956141823083,79,28.506740674268695,XGBoost
8,2,35768.36218487395,2790.4659787746164,36600.24,2182.4031781448743,79,21.790726181752696,XGBoost
8,8,26220.213613445376,1778.8884192019295,26655.719,1262.8972145206217,79,29.006383936818214,XGBoost
8,13,25131.97714285714,1411.8992057509793,25171.262,1317.5645730605938,79,6.681399940317235,XGBoost
8,38,59029.41378151261,7767.415666947779,62387.176,6848.506405264199,79,11.830308832238234,XGBoost
8,40,37691.67394957983,3388.9634797723775,37821.863,2174.5520226948784,79,35.834303447821924,XGBoost
8,72,36828.007647058825,19666.309758290743,39343.492,12477.18971515483,79,36.555511082119466,XGBoost
8,90,39267.127983193284,3676.3837266885284,40442.48,1945.8028229223519,79,47.07291274311517,XGBoost
8,91,31352.773781512606,2849.861096530606,31914.037,2286.2427852463024,79,19.77704499248919,XGBoost
8,92,60115.44462184874,7938.939632143471,62204.66,5271.203165224084,79,33.60318368108201,XGBoost
8,95,62931.179159663865,4689.125702187949,65419.93,4350.344885946487,79,7.224818393829513,XGBoost
9,2,25068.466890756303,2285.2291543058427,26378.945,2132.4261229176977,79,6.686551810361452,XGBoost
9,8,21267.620588235295,1673.3965983314504,21881.398,1325.3291245185455,79,20.800058644792518,XGBoost
9,13,22020.463109243698,1371.1136730124188,22181.14,1311.736223547987,79,4.3306000540404455,XGBoost
9,38,79202.03033613446,8747.96715294531,80881.62,8747.96715294531,79,0.0,XGBoost
9,40,29031.793613445378,2176.9535848203673,29490.557,1729.2849342577645,79,20.56399611292321,XGBoost
9,72,32485.926470588234,16577.669089657087,35496.156,11798.095827159246,79,28.831395032971475,XGBoost
9,90,3008.4399159663863,451.4740364299284,3189.7998,451.4740364299284,79,0.0,XGBoost
9,91,890.8701680672269,286.40844714599746,814.2824,286.40844714599746,79,0.0,XGBoost
9,92,14028.474117647058,2896.3797334926808,15301.214,1290.8369429059578,79,55.43274495470365,XGBoost
9,95,29575.38394957983,5220.868341111859,31458.576,2492.3219561252395,79,52.26230976752684,XGBoost
10,2,109714.49546218489,8013.427771977461,108736.37,5596.205539727057,79,30.164647402242817,XGBoost
10,8,86443.48512605042,4116.712917426543,86117.75,3572.4859411760076,79,13.219939965858607,XGBoost
10,13,62386.34924369748,3898.6449936195577,62523.96,3469.9318709363874,79,10.996464755954783,XGBoost
10,38,88432.06647058824,12310.800135366311,91005.25,9192.278873406507,79,25.331588748654564,XGBoost
10,40,99092.97974789915,6596.674087465962,98868.5,3727.6165146540166,79,43.49248628582865,XGBoost
10,72,144164.81831932772,80228.68578391,147871.33,60911.30336527073,79,24.077899606468932,XGBoost
10,90,14145.113865546218,1132.152825075883,14280.339,691.9752769173188,79,38.879693483877595,XGBoost
10,91,12709.825042016806,850.1358646958491,12822.744,817.5946262643649,79,3.8277691581834805,XGBoost
10,92,50257.71907563025,4165.273083244769,51334.16,2987.1150288333743,79,28.28525359239119,XGBoost
10,95,73388.6431092437,8022.1993364202,73701.92,4676.66559556658,79,41.703448151246256,XGBoost
11,2,57180.229663865546,4840.567870352933,59587.574,4407.845930218779,79,8.939487095810584,XGBoost
11,8,34358.46302521008,2710.5629260532146,35096.582,2116.347092812741,79,21.92222978957722,XGBoost
11,13,40961.66747899159,2781.6752375015267,41327.35,2277.1257368177053,79,18.1383323934322,XGBoost
11,38,73377.02613445377,8232.391367279997,73710.96,8232.391367279997,79,0.0,XGBoost
11,40,53276.74226890756,3590.021627570806,54311.05,2587.4581640466436,79,27.926390632987598,XGBoost
11,72,71198.12588235295,28551.334896562093,73310.62,17302.367559420956,79,39.39909422061958,XGBoost
11,90,49091.65605042017,3736.510876513291,50415.008,2588.256863805028,79,30.730648207820856,XGBoost
11,91,41945.88966386555,3623.4035704190223,42888.566,3180.0683250672673,79,12.235326171533423,XGBoost
11,92,76951.72630252101,8578.72936073414,78810.625,5302.5390016384345,79,38.18969245132288,XGBoost
11,95,77396.90983193277,6581.218894029721,79066.984,4616.108827716415,79,29.859363409048633,XGBoost
12,2,74568.75571428571,5142.0282264548705,76762.62,3223.3256612996993,79,37.31411965581537,XGBoost
12,8,42309.291932773114,2223.0395095432527,43418.434,1972.3813599988719,79,11.275469845152742,XGBoost
12,13,47001.10739495799,2471.657314726247,47503.09,2072.0682511699742,79,16.166847288072784,XGBoost
12,38,51779.160252100846,7750.279236760663,53847.992,6157.026774538237,79,20.557355593917247,XGBoost
12,40,48102.46,4279.662928506233,49113.33,2266.4931795483253,79,47.040381043760874,XGBoost
12,72,60642.33218487395,41871.423440339306,60424.848,30062.461072613663,79,28.20291596857627,XGBoost
12,90,11195.182016806722,1400.4444488372085,12107.632,768.5453163528108,79,45.12132794764295,XGBoost
12,91,6822.690084033614,983.9705565075219,7098.0576,591.5412708307715,79,39.88221833279526,XGBoost
12,92,24945.074033613444,2810.0425937197424,26081.592,1903.4061675204734,79,32.26415244471884,XGBoost
12,95,43798.48411764706,5476.593242236533,44536.69,2663.19498351581,79,51.37132034972506,XGBoost
13,2,76393.49226890756,7793.9040922124395,77453.266,5220.5572710451515,79,33.01742991344403,XGBoost
13,8,36092.64705882353,3186.382889173214,36414.227,1727.7311383178471,79,45.77766707860555,XGBoost
13,13,47327.25521008403,2868.163537958449,47654.99,2364.7054861531406,79,17.553324458049158,XGBoost
13,38,83250.1487394958,9463.42084913036,85778.836,7083.480996408101,79,25.148832442984535,XGBoost
13,40,77300.15462184875,4221.274343522463,78621.766,3037.050841627751,79,28.053696716298493,XGBoost
13,72,77501.09630252102,33424.785913861604,77546.9,20194.072286392697,79,39.58354037499458,XGBoost
13,90,115699.91722689076,11313.710889222819,119307.2,5718.903321798593,79,49.45156918190043,XGBoost
13,91,80811.33588235294,5501.963375574999,83459.01,4906.610987040256,79,10.820726128016512,XGBoost
13,92,161579.56210084035,18898.539559196684,167144.67,9781.17372467752,79,48.243758762207314,XGBoost
13,95,137298.7468907563,14227.319335589726,140809.97,8692.918296991364,79,38.89981596711634,XGBoost
14,2,78770.02151260505,8715.208654954338,78267.55,5506.807931314145,79,36.81381422596591,XGBoost
14,8,53978.035798319324,4892.496045816974,54162.645,4629.161573584327,79,5.382415637469862,XGBoost
14,13,60494.68974789916,5910.5439678502225,60221.88,4353.196815630023,79,26.34862646638321,XGBoost
14,38,104255.16605042017,9107.14331625095,103680.016,8899.208383922276,79,2.283206984978814,XGBoost
14,40,72415.59764705882,5457.736987121684,72616.24,5192.699662178263,79,4.856176205793994,XGBoost
14,72,94384.65865546219,55837.34122963922,91673.6,28306.66441624277,79,49.30513560839604,XGBoost
14,90,108073.85411764706,11396.093376718653,108104.78,8179.541334760328,79,28.225041122684146,XGBoost
14,91,91754.87487394958,11260.722216769844,90594.7,8412.810179907907,79,25.29066947962477,XGBoost
14,92,183980.7523529412,22364.89012464337,179241.3,18503.15210332604,79,17.266966212644917,XGBoost
14,95,146270.61100840336,18520.17716795152,148564.9,17479.295653034536,79,5.6202567906217915,XGBoost
15,2,26483.15142857143,3608.459243919433,26773.588,1814.2538304560508,79,49.72220252970223,XGBoost
15,8,20359.919579831934,2034.9561739904102,20530.586,1485.4433639725369,79,27.00366804167169,XGBoost
15,13,18786.167731092435,1899.9494023224622,18283.613,1202.2620124438424,79,36.72136684407384,XGBoost
15,38,52837.84705882353,4935.002259280706,53168.793,4935.002259280706,79,0.0,XGBoost
15,40,30695.12907563025,1783.4714729487612,30358.8,1783.4714729487612,79,0.0,XGBoost
15,72,42301.00806722689,34175.70788765683,42878.39,11836.213878567973,79,65.36658752621527,XGBoost
15,90,5326.277899159663,604.1090938601504,5408.348,583.653835284707,79,3.3860206349051847,XGBoost
15,91,3413.0694957983196,286.9715810823368,3521.713,286.9715810823368,79,0.0,XGBoost
15,92,18191.386386554623,2333.322883761691,18374.744,1261.317732538654,79,45.94328366140192,XGBoost
15,95,27462.28663865546,3874.839024568301,27663.902,1926.2666161377647,79,50.287828631735955,XGBoost
16,2,23821.479411764703,3748.9669461534795,24261.271,2341.904943925451,79,37.53199274460673,XGBoost
16,8,14610.863193277311,1516.7780258517278,14436.013,994.3759210693981,79,34.44156599572183,XGBoost
16,13,15072.842857142858,2066.191720409404,14666.62,1342.3080785323637,79,35.03467924717106,XGBoost
16,38,52870.78260504202,6707.485797116365,53954.254,6707.485797116365,79,0.0,XGBoost
16,40,31847.191008403363,4679.950632396687,32014.94,2788.0869035481123,79,40.42486507768389,XGBoost
16,72,32482.772268907564,16141.804323820314,32211.424,10664.648254588117,79,33.9314983588892,XGBoost
16,90,6986.574117647058,1964.7356840303974,7693.6006,1022.9732576805911,79,47.93328863544149,XGBoost
16,91,3290.8101680672266,2545.7450541049807,4115.4414,1002.9512317292726,79,60.60284080245872,XGBoost
16,92,20698.306134453782,4186.634900055724,22239.582,2290.261193815439,79,45.29589399388622,XGBoost
16,95,27655.426386554624,5415.813248442593,28676.975,2769.249821574305,79,48.86733174614821,XGBoost
17,2,42201.78285714286,6274.414814153433,43217.69,6274.414814153433,79,0.0,XGBoost
17,8,20050.316134453784,1253.7479459807835,20190.805,1253.7479459807835,79,0.0,XGBoost
17,13,24419.293109243696,5168.050882245245,24017.748,4190.968967486481,79,18.906197655977273,XGBoost
17,38,77693.67470588237,9742.970261582148,80216.19,7757.025658154573,79,20.38335897686585,XGBoost
17,40,47150.785462184875,4375.392086379665,47755.043,3687.052275454741,79,15.732071488351519,XGBoost
17,72,52807.155042016806,21978.93918952255,53754.05,16849.58487737907,79,23.337588169808765,XGBoost
17,90,31025.993025210082,5668.042873995256,33092.5,4906.9243109905365,79,13.428242868392893,XGBoost
17,91,12058.544705882354,2166.2427710790503,13150.794,1654.7160214930987,79,23.613546755479742,XGBoost
17,92,52458.98924369748,11594.40994015337,55885.184,10766.711744610007,79,7.13876945714077,XGBoost
17,95,50866.82823529412,6796.5427107750365,51832.633,4366.13790054233,79,35.75942819250757,XGBoost
18,2,63481.727647058826,8259.339743162338,62631.957,6731.228660749154,79,18.501613082065816,XGBoost
18,8,31792.952016806725,3572.1706729359967,31062.154,3099.652387182045,79,13.227763425020921,XGBoost
18,13,41888.97924369748,4369.16368271854,42340.06,4369.16368271854,79,0.0,XGBoost
18,38,64773.02798319328,6703.670509536528,65799.25,6703.670509536528,79,0.0,XGBoost
18,40,61091.68126050421,5288.411441603455,60610.824,5288.411441603455,79,0.0,XGBoost
18,72,60926.0525210084,40660.55661092961,59713.11,27177.90039286205,79,33.15905472490115,XGBoost
18,90,18031.127478991595,6675.19457924017,20020.693,3625.1018318303622,79,45.69294139972466,XGBoost
18,91,13537.107731092437,9246.416690634713,16720.088,3521.937517483383,79,61.910244418785524,XGBoost
18,92,48971.63840336134,13154.175973772084,53151.645,13154.175973772084,79,0.0,XGBoost
18,95,57656.50109243697,9459.887186332451,58383.805,7550.829595116775,79,20.180553463405605,XGBoost
19,2,50689.779411764706,6329.289441033121,51675.043,4942.587032999753,79,21.909290465424156,XGBoost
19,8,42293.270924369746,3121.086424757966,42867.207,3085.2977078787767,79,1.1466749717436886,XGBoost
19,13,33580.28100840336,3429.6631899447075,33341.285,2464.6054198692063,79,28.138558121535528,XGBoost
19,38,78317.27092436975,7905.663547364983,78737.49,7339.045522542706,79,7.167241831473281,XGBoost
19,40,53933.79647058824,3147.15937007192,53925.19,3056.523421190546,79,2.8799287936696616,XGBoost
19,72,72266.03184873948,41649.18383139883,72945.81,20691.01475890253,79,50.3207197464844,XGBoost
19,90,67555.40210084034,6503.974503131233,69219.32,5104.6452320605285,79,21.514987034420574,XGBoost
19,91,54401.15294117647,4970.736439215488,56429.867,4970.736439215488,79,0.0,XGBoost
19,92,113456.13352941177,11566.671267717431,115066.38,7913.045553633756,79,31.587529631631718,XGBoost
19,95,97081.33319327731,9594.97413742718,96622.61,6333.579749387282,79,33.99065324541266,XGBoost
20,2,78544.54487394958,6975.914839952605,79319.93,4762.187096790151,79,31.73386995041777,XGBoost
20,8,76129.26722689076,5973.99305663263,77173.13,5033.425153122517,79,15.744375572479896,XGBoost
20,13,56302.68218487395,4113.48997658225,57641.203,4113.48997658225,79,0.0,XGBoost
20,38,110040.8442857143,10365.375474601018,110787.914,9759.709552268032,79,5.843164329329797,XGBoost
20,40,86343.65025210085,5578.30605877615,87817.85,5014.521747803093,79,10.106729624239163,XGBoost
20,72,92466.03504201681,55107.744603811785,97585.16,35535.49658186173,79,35.516329261270926,XGBoost
20,90,96017.12865546219,9911.375314812745,98410.3,6525.0471040734365,79,34.16607789716504,XGBoost
20,91,78130.96873949579,9733.881461184992,80470.65,7224.358120033746,79,25.78132219051843,XGBoost
20,92,164445.22596638656,20416.115104210337,168210.3,14204.304713243286,79,30.42601571973903,XGBoost
20,95,150454.85789915966,13448.73964556801,154156.11,13448.73964556801,79,0.0,XGBoost
21,2,48209.29268907563,4518.431352070172,48941.08,3663.776423942828,79,18.914859196339762,XGBoost
21,8,18435.25663865546,1590.0023284282488,18514.46,1283.8733253098396,79,19.253368227518518,XGBoost
21,13,28433.463697478994,1854.284074070721,28441.383,1854.284074070721,79,0.0,XGBoost
21,38,40934.0287394958,5263.7205088869605,43184.613,5263.7205088869605,79,0.0,XGBoost
21,40,39646.84210084034,2292.860852444532,40351.113,2292.860852444532,79,0.0,XGBoost
21,72,43225.72983193277,29164.151903042082,43029.844,20692.729135508496,79,29.047382539006527,XGBoost
21,90,10988.093865546218,993.4935534044089,11583.35,738.2219295493434,79,25.694341244623587,XGBoost
21,91,6787.7702521008405,644.2435999464566,7085.3696,644.2435999464566,79,0.0,XGBoost
21,92,21997.408487394958,3689.2720193387345,23742.393,1868.1718363347247,79,49.36204686068185,XGBoost
21,95,40953.23462184874,5116.924936091125,41857.066,2551.8665952178244,79,50.12890306014097,XGBoost
22,2,53492.36504201681,5577.053728398522,54469.57,5134.122916125875,79,7.942021609317306,XGBoost
22,8,37143.311596638654,2878.985613735608,37561.125,2878.985613735608,79,0.0,XGBoost
22,13,37148.56210084033,2766.061986647145,36987.21,2433.249071599609,79,12.032012176666795,XGBoost
22,38,70577.89075630253,9021.620868033955,73284.05,8306.872326112743,79,7.922617813100075,XGBoost
22,40,54085.09714285714,3354.4885071475514,54849.52,3354.4885071475514,79,0.0,XGBoost
22,72,67241.9531092437,47013.88196840771,64348.477,27735.51884012197,79,41.00568240937936,XGBoost
22,90,21202.78092436975,2161.4701146379216,21845.355,1863.7632166340559,79,13.773352496883174,XGBoost
22,91,21258.668487394956,1993.118911201966,21597.098,1973.4891906730015,79,0.984874530999591,XGBoost
22,92,51475.61033613445,6200.543407206533,53776.707,6200.543407206533,79,0.0,XGBoost
22,95,58021.24907563025,6594.2309455561635,61069.04,6594.2309455561635,79,0.0,XGBoost
23,2,70055.36268907563,11852.824090158221,69399.72,6609.936889226882,79,44.23323219050113,XGBoost
23,8,36248.293613445385,3613.2336935431504,36796.12,2630.135679075405,79,27.2082599092481,XGBoost
23,13,36992.52302521009,5319.463205709379,36359.12,3399.879159795537,79,36.086048002993095,XGBoost
23,38,43978.912773109245,4843.590007691086,44291.375,4843.590007691086,79,0.0,XGBoost
23,40,61071.399159663866,4933.753941547439,62092.1,4933.753941547439,79,0.0,XGBoost
23,72,77760.23100840337,46176.593540604925,76629.12,28390.27354384597,79,38.5180426553525,XGBoost
23,90,20706.48243697479,5544.356551145995,23265.42,2051.5368703166646,79,62.997746422123214,XGBoost
23,91,20459.159747899157,8932.805720917708,24844.63,2823.464362051121,79,68.39218885686171,XGBoost
23,92,59616.87806722689,12025.162207542728,63770.45,5867.967278901262,79,51.20259354821337,XGBoost
23,95,54146.30554621849,8502.286612408663,55652.406,5023.1102989751635,79,40.92047789068667,XGBoost
24,2,40945.38008403361,5442.359371482514,41277.2,3781.7972868067855,79,30.5118051074857,XGBoost
24,8,48816.27890756303,3241.8560286955167,49436.61,2809.200975553855,79,13.345905842578599,XGBoost
24,13,29330.76487394958,2952.80325289344,29201.92,2131.89264416765,79,27.801060159405576,XGBoost
24,38,59427.070420168064,7409.576698289831,62665.86,7409.576698289831,79,0.0,XGBoost
24,40,45193.24571428572,2753.4522146147833,45481.03,2753.4522146147833,79,0.0,XGBoost
24,72,58504.70907563025,28407.03606852651,59205.19,15211.995776933425,79,46.449901565804296,XGBoost
24,90,72682.59008403363,6657.749740406457,74505.28,5261.736484189693,79,20.968244687003455,XGBoost
24,91,52228.40806722689,5282.033438943031,53985.875,5073.032556189873,79,3.956826195234775,XGBoost
24,92,121336.0225210084,12368.419278536012,123285.016,9747.251285826125,79,21.192425108507006,XGBoost
24,95,94061.20210084034,12351.529696178097,94182.164,7526.366678976358,79,39.06530717968298,XGBoost
25,2,36998.259327731095,4482.347105064401,37234.477,2598.53602532333,79,42.02733602698101,XGBoost
25,8,29786.95705882353,2594.6672045782975,29853.785,1839.249961176695,79,29.114224825005174,XGBoost
25,13,25338.050000000003,1911.3512773499062,25189.855,1464.8471979191356,79,23.360649856569005,XGBoost
25,38,44742.46487394958,5236.208862697123,44947.008,5236.208862697123,79,0.0,XGBoost
25,40,42002.13243697479,2307.3126479987936,42378.81,2172.581390883835,79,5.839315154442348,XGBoost
25,72,39258.07403361344,24390.92824231003,39818.17,17314.984428715692,79,29.01055565946016,XGBoost
25,90,11843.411596638656,1181.0015421781159,12172.032,795.2310302873844,79,32.66469162938235,XGBoost
25,91,7695.426722689076,629.8194039928811,8028.921,629.8194039928811,79,0.0,XGBoost
25,92,38668.222100840336,4824.336476444613,40096.438,3061.0545534663556,79,36.54972930656242,XGBoost
25,95,43947.798739495796,5518.651782545641,44234.5,3056.7581816242705,79,44.61041750646114,XGBoost
26,2,27464.985042016808,3778.3774229837527,27685.613,2164.360152917282,79,42.71720607497953,XGBoost
26,8,28445.755210084033,2120.0997304647467,28771.297,1884.5581607996062,79,11.109928758563992,XGBoost
26,13,20948.400420168065,1760.066625251555,20882.889,1549.6418809519405,79,11.955498802185394,XGBoost
26,38,103948.92630252101,8925.314806315348,104645.62,8925.314806315348,79,0.0,XGBoost
26,40,37231.17504201681,2087.2279823410727,37381.195,2087.2279823410727,79,0.0,XGBoost
26,72,42590.3368907563,22251.729966924173,44938.258,18160.462936723652,79,18.3862874315028,XGBoost
26,90,56987.783613445376,6026.640161052965,59279.223,5942.477693963937,79,1.3965072551191282,XGBoost
26,91,39176.612100840335,5175.597105573602,40543.094,5175.597105573602,79,0.0,XGBoost
26,92,84698.51563025209,11252.902620725086,86614.555,9731.0694126437,79,13.523916978349604,XGBoost
26,95,70200.88991596639,8863.414659452501,71638.65,7654.015486124823,79,13.644844789450294,XGBoost
27,2,79340.45445378151,8368.920601366448,79101.7,6601.599137959189,79,21.11767511713156,XGBoost
27,8,41999.723361344535,3461.7379966158646,41931.0,2671.5532122848094,79,22.82624465235458,XGBoost
27,13,52804.82495798319,4669.612608720545,52693.79,4554.22370637394,79,2.471059422169508,XGBoost
27,38,39874.00957983193,4818.5071735363235,40610.445,4818.5071735363235,79,0.0,XGBoost
27,40,70036.52739495799,4122.519341132227,69697.766,4122.519341132227,79,0.0,XGBoost
27,72,69071.49050420168,48556.96873844578,66358.82,20946.805073895554,79,56.86138237597484,XGBoost
27,90,96400.26596638656,7720.551960958694,97152.63,6117.941030385006,79,20.757724819129177,XGBoost
27,91,66453.38285714286,5570.109839289332,67569.88,5524.229066185864,79,0.8236960208547917,XGBoost
27,92,146016.97478991596,12841.94927527808,149565.17,12841.94927527808,79,0.0,XGBoost
27,95,120193.03689075631,13718.982890229921,117338.25,8907.622252928608,79,35.07082613775807,XGBoost
28,2,57800.77806722689,4191.767437987625,59371.043,4175.215862161943,79,0.39485911541000673,XGBoost
28,8,33349.7743697479,1916.1935184540944,34027.023,1642.373196414988,79,14.28980525202973,XGBoost
28,13,38208.6343697479,3092.307591683618,38649.8,2553.082209925384,79,17.437637290947837,XGBoost
28,38,49285.04672268907,6277.952010827339,51379.785,6277.952010827339,79,0.0,XGBoost
28,40,45833.39546218487,4592.5855126430215,46892.992,3197.598499793438,79,30.374764041067838,XGBoost
28,72,55015.67949579832,41967.10691687984,58214.66,29731.156600018305,79,29.15604914366885,XGBoost
28,90,65675.6581512605,10232.454306504455,69750.71,10232.454306504455,79,0.0,XGBoost
28,91,57716.06386554622,13473.566226834371,60975.277,12786.35614010868,79,5.100432024871204,XGBoost
28,92,98769.44361344539,22900.96408736495,100850.62,15912.952326366667,79,30.51405056284835,XGBoost
28,95,96592.80495798319,15816.294545701216,97348.89,10396.746719728659,79,34.265597484371334,XGBoost
29,2,25238.35226890756,2944.9892515085257,25491.596,2208.365249129422,79,25.012790861690902,XGBoost
29,8,20592.35705882353,1629.667278531894,20602.045,1594.1783964388862,79,2.1776765454221025,XGBoost
29,13,17844.365630252098,1240.182909900614,17566.182,1069.45243093406,79,13.766556336454927,XGBoost
29,38,42821.464201680676,4680.571704977367,43700.523,4680.571704977367,79,0.0,XGBoost
29,40,28532.709243697478,1967.5598499910693,28612.8,1894.1831231165904,79,3.7293262959605444,XGBoost
29,72,34553.94369747899,32501.483609699102,36457.75,25445.7040813202,79,21.709099846363056,XGBoost
29,90,10877.862100840337,947.9366773127313,11025.673,902.7373601096799,79,4.768178960137415,XGBoost
29,91,4677.044285714286,466.40603883161293,4682.628,466.40603883161293,79,0.0,XGBoost
29,92,25123.268235294116,3152.1772426753037,25893.787,2869.214921505673,79,8.976726223982123,XGBoost
29,95,31024.45268907563,4201.428650175003,32547.367,4201.428650175003,79,0.0,XGBoost
30,2,12942.014201680671,875.4130083580727,13030.114,851.0105569935931,79,2.787535840968247,XGBoost
30,8,11577.18680672269,701.2965443919983,11427.912,686.7792141399041,79,2.070070124854284,XGBoost
30,13,11255.030504201679,1068.4430644537888,10705.004,697.1092778774057,79,34.75466301671554,XGBoost
30,38,61596.64,5970.904749472611,63011.723,5970.904749472611,79,0.0,XGBoost
30,40,23299.659663865546,1964.545781251251,23393.654,1792.0080669125364,79,8.782575391489345,XGBoost
30,72,64.1764406779661,39.39145467931923,210.81941,39.39145467931923,78,0.0,XGBoost
30,90,34265.54016806722,2347.542674019444,34653.223,2182.858581883567,79,7.015169264374066,XGBoost
30,91,31360.62319327731,2318.0816544581626,31069.541,2114.8939082432275,79,8.765340333208794,XGBoost
30,92,52753.08915966387,5787.774893148222,52939.29,3611.6088455955555,79,37.5993553261529,XGBoost
30,95,45163.38277310924,3476.335143324803,44761.203,2371.20958120518,79,31.78996030465203,XGBoost
31,2,58722.31470588235,3369.3260564215293,60575.4,3360.346134728674,79,0.26651981857739315,XGBoost
31,8,25293.320840336135,1605.5867686024176,25697.488,1326.1149889028247,79,17.406208444459146,XGBoost
31,13,42489.92075630253,2242.284854050367,43049.94,1912.9258352150355,79,14.688544956292748,XGBoost
31,38,81118.33151260503,7690.71326976405,82594.6,7690.71326976405,79,0.0,XGBoost
31,40,56824.22428571429,3531.455897766117,58731.574,3531.455897766117,79,0.0,XGBoost
31,72,45630.32184873949,31727.966726125447,46399.848,22555.36173408327,79,28.910156995623893,XGBoost
31,90,86200.34092436975,8012.496161997873,90871.164,4238.690463423676,79,47.09900163787684,XGBoost
31,91,70300.27218487395,5381.032602419219,72789.1,4981.9394453292125,79,7.416664915031013,XGBoost
31,92,126988.2231092437,14159.747520337945,132986.45,11912.427838440808,79,15.871184699227614,XGBoost
31,95,107289.05756302521,7864.464731351895,109798.836,5157.672191907451,79,34.41801358271397,XGBoost
32,2,50412.60605042017,3681.6104861932145,51556.527,3636.8550878161636,79,1.2156472974230392,XGBoost
32,8,24708.325210084036,2052.9911582049103,24940.582,1367.44169577463,79,33.39271383076532,XGBoost
32,13,29910.690168067227,1702.1419492788748,29828.174,1512.4703346210297,79,11.1431138124644,XGBoost
32,38,60843.652436974786,7315.2835910499525,63241.773,5889.449553597187,79,19.491165581020454,XGBoost
32,40,58072.19235294117,3112.4979072049878,59803.008,3112.4979072049878,79,0.0,XGBoost
32,72,44287.88336134454,26354.191972592835,44052.73,20200.379498512,79,23.350412262612796,XGBoost
32,90,61721.66747899159,5466.709116876075,63609.94,3298.333802311847,79,39.66509408503769,XGBoost
32,91,48378.193193277315,2694.2541662815174,49398.03,2564.273600422773,79,4.8243616910923155,XGBoost
32,92,100226.33907563025,11363.834281534984,102238.41,5312.775060374055,79,53.248393730919275,XGBoost
32,95,84935.78445378151,5905.7576378706335,86505.88,4398.566295630112,79,25.52071105281508,XGBoost
33,2,7417.721092436976,696.9268686566588,7913.7925,690.1410174702798,79,0.9736819588343382,XGBoost
33,8,3651.663613445378,632.0730499012022,3843.3608,396.57489758607636,79,37.25805938916965,XGBoost
33,13,6861.6726050420175,642.3803649845879,7050.186,549.3082402759727,79,14.488631624169923,XGBoost
33,38,13267.189075630253,4755.794049739639,14860.786,3136.668954320919,79,34.045315639926855,XGBoost
33,40,6145.321344537815,1053.9199499953386,6646.449,777.4656188099873,79,26.23105589628264,XGBoost
33,90,24510.36966386555,2004.7266385681196,24774.625,1722.8469481787095,79,14.060754467289527,XGBoost
33,91,9833.874453781513,1756.66226170672,10197.896,1259.7052790454825,79,28.289842247673104,XGBoost
33,92,33660.996050420166,4572.747100750905,33745.777,4572.747100750905,79,0.0,XGBoost
33,95,26943.794873949577,3495.051126701982,27902.586,2496.1018684604023,79,28.58182103860132,XGBoost
34,2,35177.925798319324,2383.929893720392,35965.492,2030.5196411108336,79,14.824691512132592,XGBoost
34,8,27043.341848739496,1749.2783597107928,27191.26,1587.1475254728703,79,9.268441088171208,XGBoost
34,13,23401.850924369744,1465.9556266916134,23356.137,1267.3621824589068,79,13.547029706546764,XGBoost
34,38,48944.55613445378,5217.696748566056,49599.605,5217.696748566056,79,0.0,XGBoost
34,40,38532.63756302521,3451.328341876591,38830.91,2275.658379611883,79,34.06427455770438,XGBoost
34,72,36619.17478991597,19912.51044865764,37640.797,13493.092766075346,79,32.23811331642036,XGBoost
34,90,44495.09546218488,4483.161390052284,45885.367,2863.3426164636567,79,36.131172461978586,XGBoost
34,91,33995.31966386555,2553.6314541001016,35131.977,2395.0325276080653,79,6.210721059117219,XGBoost
34,92,67635.20084033614,8744.277602164238,69667.17,5963.733588125134,79,31.798441684318334,XGBoost
34,95,69634.74478991596,5137.412479537893,72324.38,4881.353377957056,79,4.984203674528953,XGBoost
35,2,44338.36731092437,7516.553134555158,44038.36,3889.4269276636,79,48.2551794946663,XGBoost
35,8,17757.729579831932,3058.6908897788207,16599.943,1219.8317122334265,79,60.1191569795523,XGBoost
35,13,32269.59731092437,5996.840241013053,30018.424,2210.7598487784676,79,63.13458821766108,XGBoost
35,38,35682.61638655462,4058.4866740669727,35561.56,4058.4866740669727,79,0.0,XGBoost
35,40,34811.572857142855,5396.537350802867,33005.44,2207.680181367473,79,59.0908014184498,XGBoost
35,72,86000.77907563026,76642.3802829675,89127.59,63392.728276157504,79,17.287631148578132,XGBoost
35,90,12501.742689075629,2125.5510489711933,12019.935,2125.5510489711933,79,0.0,XGBoost
35,91,7567.253949579832,1820.8186135875287,6902.219,911.7291283485932,79,49.92751493504186,XGBoost
35,92,32366.39949579832,5276.248616396749,31091.652,4751.687451569402,79,9.94193418401842,XGBoost
35,95,42339.31042016807,9793.130191406264,41536.363,7054.307912427099,79,27.966770842917576,XGBoost
36,2,13430.056806722689,1438.7096691521015,13244.0205,948.2460665827597,79,34.090519656992,XGBoost
36,8,3426.7899159663866,307.5449071315202,3555.3508,307.5449071315202,79,0.0,XGBoost
36,13,12171.81487394958,1220.0963405242985,11668.275,610.9669063960276,79,49.92469970580491,XGBoost
36,38,18160.40806722689,2871.4765922263514,18711.07,2871.4765922263514,79,0.0,XGBoost
36,40,10515.679159663867,1056.4968779154299,10603.297,895.5121956173106,79,15.237591862624111,XGBoost
36,90,35532.67680672269,5358.811106202172,33963.938,2030.0626492206416,79,62.11729413505373,XGBoost
36,91,11221.18974789916,2043.3916562688746,10776.582,1383.3826630856931,79,32.2996813243489,XGBoost
36,92,44329.889495798314,8496.632481504705,42995.246,5848.492948633993,79,31.16693041196177,XGBoost
36,95,40241.47680672269,6288.8081674911455,38943.137,2482.6677980349727,79,60.522443491460365,XGBoost
37,2,16543.574201680673,1009.1958806266111,17149.93,1009.1958806266111,79,0.0,XGBoost
37,8,16060.402268907565,851.5353076086336,16275.561,813.9941396192777,79,4.408644909250182,XGBoost
37,13,16732.165546218486,756.1269260376513,16728.4,756.1269260376513,79,0.0,XGBoost
37,38,68808.92949579832,9584.355681972704,69395.09,9416.483240549307,79,1.7515255797439733,XGBoost
37,40,27032.933781512605,1787.8864141584006,27879.262,1661.7964625505367,79,7.052458736156197,XGBoost
37,72,218.7618487394958,100.87494698267052,503.50238,100.87494698267052,79,0.0,XGBoost
37,90,44399.3631092437,3068.1020079645136,45548.36,1863.3657483982006,79,39.26649949835199,XGBoost
37,91,30865.200084033615,1630.566199245277,31491.648,1630.566199245277,79,0.0,XGBoost
37,92,59408.121512605045,5766.168053398777,61711.99,5414.774519443097,79,6.094056411494231,XGBoost
37,95,51316.16638655462,2804.0862989683906,52572.223,2705.084213044541,79,3.5306361990453783,XGBoost
38,2,10956.868319327732,974.7734213011322,11674.872,730.1109320077585,79,25.09942146009655,XGBoost
38,8,9447.631848739495,797.894435649614,9838.283,494.00591540109286,79,38.08630649255088,XGBoost
38,13,10002.859495798319,670.5038060153719,10192.063,507.410082616452,79,24.32405631940303,XGBoost
38,38,54855.801260504195,15725.183572404096,58443.562,10102.976567292557,79,35.7528863127415,XGBoost
38,40,16351.603277310925,1594.8876567556001,16923.799,1009.5518170694893,79,36.70075677159795,XGBoost
38,72,170.80764705882353,81.13415867922856,310.40933,81.13415867922856,79,0.0,XGBoost
38,90,34872.2662184874,3479.6490369471385,36439.56,2212.8738511702068,79,36.405257321247944,XGBoost
38,91,25450.951344537814,3305.1813360437695,26241.562,2836.447667496372,79,14.18178371745441,XGBoost
38,92,45266.75,6069.500028948575,47433.883,4251.527207625634,79,29.952595974167416,XGBoost
38,95,41823.309579831934,4205.112896820668,43972.53,2929.0487187747162,79,30.345539093866826,XGBoost
39,2,67680.27521008403,7503.848381837353,69277.28,3769.213554281976,79,49.76959338084246,XGBoost
39,8,36201.89932773109,3212.261900011529,36811.6,1766.4132373162604,79,45.01029827891927,XGBoost
39,13,54871.56588235294,4146.119870650641,55342.145,2692.145198058975,79,35.06832214099727,XGBoost
39,38,43116.73655462185,6372.465158714188,45142.32,4314.775492236758,79,32.29032431293235,XGBoost
39,40,58705.376470588235,5131.566458856263,60639.54,3489.7005677149155,79,31.995413180467523,XGBoost
39,72,55062.969747899166,42383.90240470306,53525.81,28098.19400190486,79,33.705505138226755,XGBoost
39,90,79015.74714285714,8180.20193742785,81108.164,4907.872338200297,79,40.003041786233595,XGBoost
39,91,60213.439831932774,3549.4476255532672,62494.61,3549.4476255532672,79,0.0,XGBoost
39,92,109812.79478991596,15011.286589048512,112056.25,7507.744303237638,79,49.98600380652972,XGBoost
39,95,102868.87722689076,8882.485583441567,104673.055,5719.162061199155,79,35.61304426026173,XGBoost
40,2,26831.634201680674,4154.248604455584,27272.984,1934.5879042183146,79,53.43109937755295,XGBoost
40,8,33784.33176470588,2475.6217492361216,34466.594,2029.1234601621027,79,18.03580410504111,XGBoost
40,13,21336.618403361343,1967.888887705351,21285.883,1564.9391091184339,79,20.47624645397409,XGBoost
40,38,36691.539159663866,4693.226392520052,37544.395,4693.226392520052,79,0.0,XGBoost
40,40,33285.74302521008,2160.2841924980335,34014.125,1893.6693549061126,79,12.34165571908491,XGBoost
40,72,39434.0887394958,18615.060003674113,41711.566,14238.953117899899,79,23.508422131921613,XGBoost
40,90,61151.39109243698,5674.892784482885,63584.38,4981.689750932977,79,12.215262206281041,XGBoost
40,91,43008.95344537815,5166.045805164891,44534.625,5027.153722950028,79,2.688556924446972,XGBoost
40,92,96138.15647058823,12038.250439734185,97063.01,8855.582493918104,79,26.437960912585545,XGBoost
40,95,66632.026302521,8353.692699852314,68654.945,6173.156578463366,79,26.10266141855443,XGBoost
41,2,48677.88336134454,4873.714231909344,50293.574,3088.028474112666,79,36.63911490963866,XGBoost
41,8,33719.906470588234,3439.512177592843,34905.59,1873.309109761161,79,45.53561630148947,XGBoost
41,13,32440.209327731092,2642.1673327886488,32748.97,2027.351564091234,79,23.269372876869,XGBoost
41,38,46939.44445378151,7098.766900532885,50630.324,5106.194825051497,79,28.069270387393775,XGBoost
41,40,54325.62705882353,3879.3580847741127,55990.773,2341.0173745475,79,39.654516974454225,XGBoost
41,72,55706.49420168067,34099.3156885696,56507.418,21110.612155160656,79,38.09080408544057,XGBoost
41,90,70958.13857142857,7030.8486868827695,73869.05,3657.316143266833,79,47.98186810519516,XGBoost
41,91,52698.52008403361,3461.313450547812,54332.273,2785.268133737014,79,19.531467648611887,XGBoost
41,92,115727.1180672269,14438.464367690613,118630.164,7803.686189166303,79,45.9521041127556,XGBoost
41,95,89054.23050420168,9147.087207135983,91254.09,4897.740781899479,79,46.4557331641206,XGBoost
42,2,16051.504453781512,1141.1929571232113,16801.592,1141.1929571232113,79,0.0,XGBoost
42,8,18193.454285714288,1319.4696932586587,18681.674,867.4659125529696,79,34.256473113026765,XGBoost
42,13,15072.448907563024,1135.6463674570039,15304.206,894.546112935968,79,21.230222843130253,XGBoost
42,38,38652.06285714286,6890.1485646943465,40435.71,5402.034928483813,79,21.597700285241206,XGBoost
42,40,19697.45285714286,1962.1790861062573,20605.625,1503.828275907005,79,23.35927507558968,XGBoost
42,72,-59.256,152.38132510252035,422.60828,152.38132510252035,15,0.0,XGBoost
42,90,53752.98420168067,5755.62951437134,56040.406,3834.144565102167,79,33.384444646261215,XGBoost
42,91,43220.46226890756,6209.769532031755,44512.945,4679.811740211849,79,24.637915850627778,XGBoost
42,92,83863.74235294118,13254.983091450682,85322.65,8158.090405903508,79,38.45265324279903,XGBoost
42,95,61600.31193277311,6490.072489101885,63796.375,4942.111455222156,79,23.85121331817267,XGBoost
43,2,20638.951596638657,1996.7195487004897,20500.627,1483.4524621383098,79,25.70551717672248,XGBoost
43,8,13028.895798319329,987.6138897924691,12705.893,681.5783273656267,79,30.987369212795368,XGBoost
43,13,17715.071260504203,1571.8155370390014,17049.4,832.5521933620206,79,47.0324491810032,XGBoost
43,38,57819.730588235296,8574.180441333916,58416.348,7401.385734457787,79,13.678213502743509,XGBoost
43,40,17810.830252100837,2018.4990050179388,17384.361,1277.7018381940052,79,36.700397918568704,XGBoost
43,72,76.57582608695651,127.27885033983115,226.7111,127.27885033983115,78,0.0,XGBoost
43,90,63746.861008403364,4187.3205062720535,64475.785,3116.4546499965345,79,25.574012179662464,XGBoost
43,91,34634.90966386555,5043.776396405997,33686.715,2637.513704852523,79,47.70756081233271,XGBoost
43,92,83342.82352941176,8539.702661418904,83004.81,6516.2751760344845,79,23.69435524407614,XGBoost
43,95,72955.09159663865,7768.977011662624,73982.64,7768.977011662624,79,0.0,XGBoost
44,2,9343.421092436976,870.7780097440906,9916.485,721.2262552490859,79,17.17449830169183,XGBoost
44,8,4935.426974789916,370.5559755322199,5183.232,370.5559755322199,79,0.0,XGBoost
44,13,7223.341680672269,566.6318035405286,7175.999,489.7367011515363,79,13.570558854713555,XGBoost
44,38,45628.719663865544,6189.538780830659,47903.273,6189.538780830659,79,0.0,XGBoost
44,40,14980.89,1026.0156249165414,15161.187,787.6136724357489,79,23.235703890979696,XGBoost
44,72,98.1347899159664,58.98142094501267,314.58224,58.98142094501267,79,0.0,XGBoost
44,90,31121.023781512606,2946.4307661839316,32284.531,1743.8083414251923,79,40.81624583075866,XGBoost
44,91,18137.103277310925,1319.372606517582,18438.148,1015.217973429598,79,23.052974693084227,XGBoost
44,92,39362.356722689074,4460.2070680965635,40923.414,2535.2117641427744,79,43.15932589146134,XGBoost
44,95,31025.394705882354,3289.377370306749,32060.479,1995.471479121899,79,39.33589082435341,XGBoost
45,2,35813.534201680675,4141.028224721876,36297.56,2186.817658918624,79,47.19143313577637,XGBoost
45,8,33908.59302521008,2664.5290545488238,34446.258,1760.7046049439582,79,33.920607773515435,XGBoost
45,13,27038.574033613444,1773.5874560013347,26874.006,1374.945781737616,79,22.476572717901465,XGBoost
45,38,53615.18756302521,5832.091636331928,55719.906,5188.515812682089,79,11.035077357848477,XGBoost
45,40,39156.6587394958,2858.2490929809405,39839.516,1981.8292964866591,79,30.6628207683691,XGBoost
45,72,37705.710336134456,28815.4381518246,40710.477,22007.451728884378,79,23.626177006470883,XGBoost
45,90,23791.045714285712,2183.786617653692,24709.871,1648.9868625240817,79,24.489560967463508,XGBoost
45,91,16749.216974789917,1509.6398630476858,17458.186,1369.42065967092,79,9.288255219605091,XGBoost
45,92,47946.5943697479,4765.029615966381,49960.875,3952.5589285151273,79,17.050695440147422,XGBoost
45,95,53257.97529411764,5229.695493220736,54969.44,4420.71999016102,79,15.46888349634109,XGBoost
